cod_mpio,homicidios_anual,tasa_homicidios_100k,indice_conflicto
05001,341.9,12.90,0.1612
05002,9.6,44.35,0.5544
05021,0.9,18.77,0.2346
05030,13.2,40.15,0.5018
05031,25.6,90.86,1.0000
05034,41.9,89.52,1.0000
05036,3.8,60.68,0.7585
05038,8.5,69.03,0.8629
05040,32.9,165.26,1.0000
05042,12.7,44.70,0.5588
05044,4.2,55.94,0.6993
05045,35.8,26.86,0.3358
05051,1.6,5.03,0.0629
05055,5.2,63.66,0.7957
05059,0.7,12.90,0.1613
05079,14.6,25.65,0.3207
05086,4.0,61.74,0.7717
05088,50.1,8.73,0.1092
05091,12.5,113.07,1.0000
05093,15.3,90.90,1.0000
05101,33.2,118.18,1.0000
05107,13.4,155.23,1.0000
05113,7.8,76.50,0.9562
05120,26.6,84.24,1.0000
05125,2.8,31.37,0.3921
05129,18.4,21.04,0.2630
05134,8.2,83.40,1.0000
05138,7.1,42.55,0.5318
05142,0.9,19.23,0.2404
05145,0.9,18.80,0.2351
05147,11.5,21.81,0.2727
05148,21.4,32.88,0.4110
05150,1.4,33.11,0.4139
05154,59.5,60.07,0.7509
05172,20.0,31.72,0.3965
05190,4.2,40.10,0.5012
05197,5.9,34.99,0.4374
05206,1.4,27.60,0.3449
05209,17.2,74.57,0.9321
05212,19.5,22.89,0.2861
05234,12.9,51.97,0.6497
05237,4.5,21.67,0.2708
05240,4.5,34.42,0.4303
05250,29.6,51.98,0.6498
05264,2.6,21.17,0.2646
05266,9.4,3.74,0.0468
05282,8.5,32.19,0.4024
05284,7.8,34.97,0.4371
05306,2.8,46.85,0.5856
05308,9.6,17.03,0.2129
05310,4.5,42.46,0.5308
05313,3.5,32.32,0.4040
05315,1.9,26.60,0.3325
05318,16.7,27.61,0.3452
05321,1.4,15.47,0.1934
05347,2.8,48.82,0.6102
05353,5.9,99.31,1.0000
05360,15.8,5.20,0.0650
05361,22.8,78.02,0.9753
05364,8.5,53.84,0.6730
05368,5.2,35.32,0.4415
05376,7.5,10.56,0.1320
05380,9.4,11.97,0.1497
05390,3.8,42.93,0.5366
05400,11.5,49.33,0.6166
05411,2.6,24.03,0.3003
05425,5.4,61.19,0.7649
05440,22.1,31.23,0.3904
05467,1.2,16.55,0.2069
05475,0.7,13.13,0.1641
05480,8.7,57.22,0.7153
05483,5.2,47.26,0.5908
05490,6.6,14.28,0.1785
05495,4.7,16.65,0.2081
05501,0.9,27.94,0.3493
05541,9.2,40.08,0.5010
05543,2.4,26.87,0.3358
05576,8.0,85.72,1.0000
05579,31.3,73.25,0.9156
05585,3.8,24.37,0.3046
05591,4.5,22.58,0.2822
05604,48.9,158.30,1.0000
05607,3.8,14.62,0.1828
05615,36.7,24.66,0.3083
05628,5.9,60.18,0.7523
05631,3.1,3.37,0.0421
05642,20.2,103.49,1.0000
05647,13.6,175.86,1.0000
05649,5.2,30.09,0.3761
05652,2.8,46.46,0.5808
05656,10.1,60.54,0.7568
05658,2.1,53.58,0.6698
05659,0.9,4.28,0.0535
05660,6.6,47.10,0.5887
05664,6.4,26.60,0.3325
05665,3.3,9.80,0.1225
05667,4.7,27.93,0.3491
05670,12.5,53.61,0.6701
05674,7.1,29.59,0.3699
05679,11.1,39.19,0.4899
05686,15.3,38.64,0.4830
05690,8.5,63.95,0.7994
05697,7.5,19.49,0.2436
05736,41.6,100.47,1.0000
05756,20.5,52.44,0.6555
05761,6.6,40.43,0.5054
05789,2.1,12.17,0.1521
05790,17.4,59.07,0.7384
05792,4.7,71.00,0.8875
05809,8.0,69.43,0.8678
05819,6.8,128.02,1.0000
05837,47.1,34.52,0.4315
05842,1.9,25.60,0.3200
05847,30.8,94.60,1.0000
05854,22.4,150.06,1.0000
05856,0.2,3.35,0.0419
05858,11.8,92.37,1.0000
05861,11.1,88.73,1.0000
05873,0.5,4.76,0.0595
05885,5.4,65.93,0.8242
05887,29.2,64.79,0.8099
05890,12.7,52.22,0.6527
05893,24.2,115.44,1.0000
05895,9.9,37.22,0.4653
08001,426.8,31.64,0.3955
08078,14.6,20.67,0.2584
08137,2.6,10.21,0.1277
08141,1.6,9.19,0.1149
08296,13.9,20.01,0.2501
08372,6.6,27.64,0.3455
08421,4.2,13.43,0.1679
08433,70.1,48.15,0.6019
08436,1.4,6.38,0.0797
08520,6.1,18.69,0.2336
08549,1.2,15.91,0.1989
08558,3.8,18.43,0.2304
08560,5.4,20.03,0.2504
08573,19.5,34.80,0.4350
08606,3.3,11.23,0.1404
08634,12.5,33.95,0.4244
08638,20.7,19.62,0.2452
08675,0.7,3.89,0.0487
08685,5.4,16.04,0.2005
08758,221.9,32.16,0.4020
08770,0.7,5.29,0.0661
08832,1.9,9.68,0.1210
08849,0.7,5.10,0.0638
11001,1142.4,14.40,0.1799
13001,367.8,34.34,0.4292
13006,2.8,10.18,0.1273
13030,1.2,9.52,0.1190
13042,3.5,43.56,0.5445
13052,20.7,26.94,0.3368
13062,0.7,7.92,0.0990
13074,2.6,15.67,0.1959
13140,3.3,13.09,0.1637
13160,4.2,46.11,0.5763
13188,2.4,15.78,0.1972
13212,1.6,9.25,0.1156
13222,2.6,15.72,0.1965
13244,30.8,39.77,0.4971
13268,1.2,14.26,0.1783
13300,1.2,8.76,0.1095
13430,27.3,18.44,0.2305
13433,3.8,12.25,0.1531
13440,1.4,11.79,0.1474
13442,14.1,27.38,0.3423
13458,4.5,24.02,0.3003
13468,6.6,13.33,0.1667
13473,7.3,28.98,0.3622
13490,8.2,74.93,0.9366
13549,0.5,1.74,0.0218
13580,1.9,24.51,0.3063
13600,2.1,18.12,0.2265
13620,0.2,2.66,0.0332
13647,2.4,11.64,0.1455
13650,0.9,6.71,0.0838
13654,10.1,38.59,0.4824
13655,3.5,31.39,0.3923
13657,4.9,12.10,0.1512
13667,2.8,17.34,0.2167
13670,28.9,96.14,1.0000
13673,5.9,36.23,0.4529
13683,12.5,53.83,0.6729
13688,30.4,83.13,1.0000
13744,17.2,84.52,1.0000
13760,0.7,6.01,0.0751
13780,1.4,9.98,0.1248
13810,3.5,17.77,0.2221
13836,27.3,23.37,0.2921
13838,1.9,10.39,0.1299
13873,8.9,34.05,0.4256
13894,2.6,19.84,0.2480
15001,7.1,3.71,0.0463
15047,1.2,7.01,0.0876
15051,0.2,3.65,0.0456
15087,0.2,2.89,0.0361
15090,0.2,13.66,0.1708
15097,0.5,8.52,0.1065
15109,0.5,9.86,0.1233
15131,0.7,20.82,0.2602
15176,3.5,5.71,0.0714
15180,0.5,11.00,0.1375
15183,1.6,19.28,0.2410
15185,0.7,11.12,0.1390
15204,2.1,14.80,0.1850
15215,0.2,8.62,0.1078
15223,2.4,20.47,0.2559
15224,0.2,5.76,0.0720
15238,10.1,7.48,0.0935
15244,0.2,5.19,0.0649
15272,0.2,3.21,0.0401
15276,0.2,6.71,0.0839
15293,0.7,23.39,0.2924
15299,0.7,3.57,0.0447
15317,0.2,11.84,0.1480
15332,0.2,5.11,0.0639
15367,0.2,2.98,0.0373
15368,0.5,11.07,0.1384
15403,0.2,7.18,0.0898
15407,1.2,6.56,0.0820
15425,0.5,8.65,0.1081
15442,1.2,19.00,0.2375
15469,1.4,5.69,0.0712
15476,0.5,7.68,0.0961
15480,1.2,12.66,0.1583
15491,0.5,2.67,0.0334
15500,0.2,7.59,0.0948
15507,0.9,10.72,0.1340
15516,1.9,5.07,0.0634
15522,0.2,12.70,0.1588
15531,0.7,9.08,0.1135
15533,0.2,8.31,0.1039
15537,0.7,15.36,0.1919
15542,0.2,3.21,0.0402
15572,20.2,39.23,0.4904
15580,0.7,13.17,0.1647
15599,0.2,2.17,0.0271
15600,0.9,10.83,0.1354
15638,0.5,7.81,0.0977
15646,1.9,9.32,0.1164
15664,0.7,13.02,0.1627
15667,0.5,7.89,0.0986
15673,0.2,6.45,0.0806
15681,1.4,19.56,0.2446
15686,2.1,25.49,0.3187
15720,0.2,9.94,0.1243
15723,0.2,19.99,0.2499
15755,0.7,9.01,0.1126
15757,1.6,19.00,0.2375
15759,9.6,6.88,0.0860
15763,0.2,2.63,0.0329
15764,0.7,10.78,0.1348
15774,0.5,16.18,0.2022
15776,1.2,17.52,0.2190
15778,0.5,10.19,0.1274
15790,0.5,7.41,0.0927
15804,0.2,2.39,0.0298
15808,0.2,6.56,0.0820
15814,0.7,7.34,0.0917
15832,0.2,14.11,0.1763
15835,0.2,3.53,0.0442
15837,0.2,2.59,0.0324
15839,0.2,10.60,0.1325
15842,0.2,2.87,0.0359
15861,1.2,6.79,0.0849
15879,0.2,7.65,0.0956
15897,0.2,4.68,0.0585
17001,35.3,7.65,0.0956
17013,6.1,25.79,0.3223
17042,4.9,13.02,0.1628
17050,1.4,12.89,0.1611
17088,2.4,21.31,0.2664
17174,13.9,25.66,0.3207
17272,1.2,9.94,0.1242
17380,20.7,27.18,0.3398
17388,0.7,11.11,0.1389
17433,3.1,16.13,0.2017
17442,4.9,52.72,0.6590
17444,3.1,22.14,0.2768
17446,1.2,42.44,0.5305
17486,3.5,16.16,0.2020
17495,2.1,34.22,0.4278
17513,2.8,17.73,0.2216
17524,6.8,42.11,0.5264
17541,3.3,16.06,0.2007
17614,3.1,5.60,0.0700
17616,2.4,20.56,0.2570
17653,1.6,8.13,0.1016
17662,2.8,13.06,0.1633
17665,1.2,23.46,0.2933
17777,6.8,22.55,0.2819
17867,1.9,17.73,0.2216
17873,4.9,7.08,0.0885
17877,3.5,26.44,0.3304
18001,27.8,15.31,0.1914
18029,1.4,29.10,0.3637
18094,2.8,24.14,0.3017
18150,17.9,53.86,0.6732
18205,4.5,54.55,0.6819
18247,5.4,26.27,0.3284
18256,9.2,46.98,0.5872
18410,9.2,58.03,0.7254
18460,1.6,15.72,0.1965
18479,0.2,5.94,0.0742
18592,10.4,36.65,0.4582
18610,11.3,80.90,1.0000
18753,24.9,45.14,0.5643
18756,2.6,21.09,0.2637
18785,3.3,51.09,0.6386
18860,1.2,15.81,0.1977
19001,73.2,20.93,0.2616
19022,2.8,14.07,0.1759
19050,40.9,142.78,1.0000
19075,19.5,84.56,1.0000
19100,21.9,54.11,0.6764
19110,28.2,76.93,0.9616
19130,23.3,50.74,0.6343
19137,16.2,36.87,0.4609
19142,30.1,93.97,1.0000
19212,40.0,144.62,1.0000
19256,29.4,49.95,0.6244
19290,4.2,75.32,0.9415
19300,38.1,181.77,1.0000
19318,9.9,32.81,0.4102
19355,5.6,17.81,0.2226
19364,3.8,19.16,0.2395
19392,3.8,32.35,0.4043
19397,5.2,19.31,0.2414
19418,3.3,16.18,0.2023
19450,19.8,76.63,0.9578
19455,36.0,104.61,1.0000
19473,13.4,31.35,0.3918
19513,9.4,86.90,1.0000
19517,9.9,19.56,0.2445
19532,43.5,108.31,1.0000
19533,8.0,79.84,0.9980
19548,10.8,24.15,0.3019
19573,56.9,125.23,1.0000
19585,0.5,2.48,0.0310
19622,4.7,37.59,0.4698
19693,0.5,3.92,0.0491
19698,142.8,118.85,1.0000
19701,0.5,8.13,0.1017
19743,8.5,20.59,0.2573
19760,2.6,16.91,0.2114
19780,26.6,76.60,0.9575
19785,7.1,68.91,0.8614
19807,8.7,22.42,0.2802
19809,4.2,14.78,0.1848
19821,16.2,42.37,0.5297
19824,2.8,10.43,0.1304
19845,28.5,126.31,1.0000
20001,124.9,21.46,0.2683
20011,42.1,31.93,0.3991
20013,20.9,28.72,0.3590
20032,7.3,30.46,0.3808
20045,5.9,22.74,0.2842
20060,18.6,38.62,0.4827
20175,6.4,15.59,0.1948
20178,13.9,41.83,0.5229
20228,8.2,18.41,0.2301
20238,17.9,49.71,0.6214
20250,15.3,34.19,0.4273
20295,4.0,22.32,0.2790
20310,2.6,51.46,0.6432
20383,7.3,35.58,0.4448
20400,8.5,15.20,0.1900
20443,0.5,3.89,0.0486
20517,6.1,27.53,0.3441
20550,10.4,41.71,0.5214
20570,2.6,8.06,0.1007
20614,10.8,53.84,0.6730
20621,10.8,32.56,0.4070
20710,11.1,35.15,0.4394
20750,4.2,18.67,0.2334
20770,11.3,35.44,0.4430
20787,3.1,16.73,0.2091
23001,70.6,13.19,0.1649
23068,1.9,3.77,0.0471
23079,3.1,13.22,0.1652
23090,0.7,4.20,0.0525
23162,23.3,20.11,0.2514
23168,4.7,24.38,0.3048
23182,11.8,22.43,0.2804
23189,13.4,20.73,0.2591
23300,3.5,16.88,0.2110
23350,5.9,36.60,0.4575
23417,13.9,11.57,0.1447
23419,1.6,7.97,0.0996
23464,2.8,13.19,0.1649
23466,20.5,23.34,0.2918
23500,1.4,4.29,0.0536
23555,14.6,20.87,0.2609
23570,4.5,11.39,0.1424
23574,1.2,4.50,0.0563
23580,9.4,20.43,0.2554
23586,2.6,13.72,0.1715
23660,20.0,16.97,0.2122
23670,1.6,3.19,0.0399
23672,10.1,27.26,0.3408
23675,2.6,6.36,0.0795
23678,7.8,26.19,0.3273
23682,0.9,6.30,0.0787
23686,5.6,10.11,0.1264
23807,16.2,16.02,0.2003
23815,1.2,2.04,0.0255
23855,3.8,9.62,0.1203
25001,1.2,7.88,0.0985
25019,0.9,11.48,0.1435
25035,1.9,10.04,0.1256
25040,1.2,6.70,0.0837
25053,0.5,3.53,0.0442
25099,0.2,1.82,0.0228
25120,0.2,3.91,0.0489
25123,1.9,14.80,0.1850
25126,2.8,2.63,0.0328
25148,1.4,9.01,0.1126
25151,1.2,5.41,0.0676
25154,0.7,7.41,0.0926
25168,0.2,4.49,0.0562
25175,5.9,3.40,0.0425
25178,1.2,9.78,0.1223
25181,0.2,1.69,0.0212
25183,1.6,6.24,0.0780
25200,0.5,1.65,0.0207
25214,2.4,5.52,0.0690
25224,0.9,9.66,0.1208
25245,3.3,10.69,0.1336
25258,0.7,12.14,0.1518
25260,2.4,8.59,0.1073
25269,20.7,11.37,0.1421
25279,0.7,4.62,0.0578
25281,0.5,6.48,0.0810
25286,12.0,9.83,0.1229
25290,15.5,8.60,0.1075
25295,2.6,11.81,0.1477
25297,0.2,2.25,0.0281
25307,49.9,38.16,0.4770
25312,0.5,5.27,0.0658
25317,1.4,8.31,0.1039
25320,6.1,15.59,0.1949
25322,0.7,3.59,0.0448
25324,0.2,6.47,0.0809
25326,0.5,5.84,0.0729
25328,0.5,8.30,0.1037
25335,0.2,2.95,0.0369
25339,0.7,16.44,0.2055
25368,0.2,8.33,0.1041
25377,1.9,4.87,0.0609
25386,4.7,11.11,0.1388
25394,0.5,3.98,0.0497
25402,1.6,7.52,0.0939
25407,0.2,1.83,0.0229
25430,15.3,10.39,0.1299
25438,0.7,7.10,0.0888
25473,18.1,11.08,0.1386
25483,0.5,15.73,0.1966
25486,1.4,8.29,0.1036
25488,0.2,1.69,0.0212
25489,0.5,10.46,0.1308
25491,1.2,15.19,0.1898
25506,0.5,8.85,0.1106
25513,1.4,4.54,0.0568
25518,0.5,9.11,0.1138
25524,0.2,3.73,0.0466
25530,4.2,39.35,0.4919
25535,0.7,6.13,0.0766
25572,3.1,15.38,0.1923
25580,0.2,5.62,0.0702
25592,0.2,3.98,0.0498
25594,0.5,7.38,0.0922
25596,0.9,12.08,0.1510
25599,1.4,13.50,0.1688
25612,1.2,7.02,0.0878
25645,1.4,9.35,0.1168
25653,0.2,3.88,0.0486
25658,0.7,5.09,0.0636
25662,0.9,9.16,0.1145
25718,1.6,12.04,0.1505
25736,0.5,3.19,0.0399
25740,6.4,14.61,0.1827
25743,2.6,9.33,0.1166
25754,167.1,19.63,0.2454
25758,0.5,1.40,0.0175
25769,1.2,6.17,0.0771
25772,1.4,6.42,0.0803
25779,0.2,2.87,0.0359
25781,0.7,9.33,0.1167
25785,1.2,4.19,0.0524
25793,0.5,4.59,0.0573
25797,0.9,7.67,0.0959
25799,0.9,3.31,0.0414
25805,0.2,4.29,0.0536
25807,0.5,11.85,0.1481
25815,4.0,19.98,0.2498
25817,2.6,5.08,0.0635
25823,0.2,4.57,0.0572
25839,0.2,2.48,0.0310
25841,0.5,5.56,0.0695
25843,2.8,5.11,0.0638
25845,1.4,16.02,0.2002
25851,0.2,4.38,0.0548
25862,0.9,11.05,0.1381
25867,0.2,4.24,0.0530
25871,0.2,10.71,0.1339
25873,0.9,4.29,0.0536
25875,5.2,14.96,0.1870
25878,3.3,19.76,0.2470
25885,1.2,7.70,0.0962
25898,0.5,7.90,0.0987
25899,12.0,7.05,0.0882
27001,131.8,88.47,1.0000
27006,5.9,35.97,0.4496
27025,0.9,2.93,0.0366
27050,2.8,39.92,0.4990
27073,0.5,3.90,0.0487
27075,6.1,51.66,0.6458
27077,2.8,8.08,0.1010
27099,0.7,4.99,0.0624
27135,1.2,16.49,0.2062
27150,1.6,7.24,0.0905
27160,0.9,14.73,0.1841
27205,3.1,21.21,0.2652
27245,2.8,29.51,0.3689
27250,2.4,8.99,0.1123
27361,15.5,44.42,0.5553
27372,3.1,39.52,0.4941
27413,4.2,38.98,0.4873
27425,1.6,12.39,0.1549
27430,0.7,4.06,0.0507
27450,2.8,23.33,0.2916
27491,6.1,57.09,0.7137
27495,1.9,10.05,0.1256
27580,4.2,69.75,0.8719
27600,1.6,17.46,0.2182
27615,9.6,14.70,0.1837
27660,5.6,95.60,1.0000
27745,1.9,50.68,0.6335
27787,5.9,28.34,0.3542
27800,4.7,31.38,0.3922
27810,3.8,48.66,0.6083
41001,86.4,22.03,0.2754
41006,16.7,60.25,0.7531
41013,2.6,26.66,0.3332
41016,1.6,9.20,0.1150
41020,24.0,96.55,1.0000
41026,1.2,24.91,0.3114
41078,1.9,20.53,0.2566
41132,20.2,59.11,0.7388
41206,0.5,5.91,0.0739
41244,0.7,15.11,0.1889
41298,15.3,19.01,0.2377
41306,5.4,19.88,0.2485
41319,4.9,24.79,0.3098
41349,4.9,61.63,0.7704
41357,4.2,41.20,0.5149
41359,13.4,47.65,0.5956
41378,1.9,13.11,0.1638
41396,25.9,38.11,0.4763
41483,3.5,49.12,0.6139
41503,4.9,38.07,0.4758
41518,0.7,9.63,0.1204
41524,7.5,25.81,0.3226
41530,5.2,41.40,0.5174
41548,0.7,4.61,0.0576
41551,56.9,41.09,0.5136
41615,4.9,18.30,0.2287
41660,4.5,38.37,0.4796
41668,6.4,17.26,0.2158
41676,3.1,26.45,0.3306
41770,11.8,48.36,0.6045
41791,3.1,15.74,0.1968
41797,3.8,31.74,0.3967
41799,4.0,30.67,0.3834
41801,3.8,42.40,0.5301
41807,6.8,28.18,0.3522
41872,0.9,11.71,0.1464
41885,0.9,11.10,0.1388
44001,86.4,36.95,0.4618
44035,8.0,21.66,0.2708
44078,8.7,19.27,0.2409
44090,20.9,43.50,0.5437
44098,1.2,7.30,0.0912
44110,0.2,2.65,0.0331
44279,14.4,27.22,0.3403
44378,1.4,5.61,0.0701
44420,0.7,16.57,0.2071
44430,47.8,22.76,0.2845
44560,4.5,4.42,0.0552
44650,11.8,20.40,0.2550
44847,6.6,3.28,0.0410
44855,0.2,1.78,0.0223
44874,3.8,10.80,0.1350
47001,186.8,32.70,0.4087
47030,7.1,38.88,0.4860
47053,24.0,51.89,0.6486
47058,10.8,31.07,0.3884
47161,0.2,2.04,0.0255
47170,3.8,14.81,0.1851
47189,83.5,61.47,0.7683
47205,0.2,1.94,0.0242
47245,17.9,23.63,0.2954
47258,2.1,8.08,0.1010
47268,12.9,58.16,0.7270
47288,36.2,47.34,0.5918
47318,3.1,9.86,0.1232
47460,8.9,39.29,0.4911
47541,0.7,6.54,0.0818
47545,1.9,13.47,0.1683
47551,16.2,37.77,0.4721
47555,8.9,12.43,0.1554
47570,13.6,39.06,0.4883
47605,2.4,17.81,0.2226
47660,1.2,6.53,0.0816
47675,1.4,11.41,0.1426
47692,1.6,7.20,0.0900
47703,2.8,20.50,0.2562
47707,3.1,10.72,0.1341
47720,0.7,5.90,0.0737
47745,13.6,43.33,0.5416
47798,2.8,18.56,0.2321
47960,1.4,12.58,0.1573
47980,77.6,98.09,1.0000
50001,124.9,20.82,0.2602
50006,15.5,15.68,0.1960
50110,2.6,35.21,0.4401
50124,2.4,34.49,0.4311
50150,3.1,18.78,0.2348
50223,0.5,5.83,0.0729
50226,1.6,6.38,0.0797
50251,1.9,21.19,0.2648
50287,1.9,13.77,0.1721
50313,21.9,28.06,0.3508
50318,3.5,22.07,0.2758
50325,11.1,142.36,1.0000
50330,2.4,18.53,0.2316
50350,11.1,37.04,0.4630
50370,4.7,45.31,0.5663
50400,2.1,16.42,0.2053
50450,3.8,40.04,0.5005
50568,27.8,58.78,0.7348
50573,10.4,30.08,0.3760
50577,5.6,48.04,0.6005
50590,5.2,36.61,0.4576
50606,1.6,7.96,0.0996
50680,4.7,33.71,0.4214
50683,2.1,20.64,0.2580
50689,13.4,43.64,0.5455
50711,7.5,37.86,0.4732
52001,38.8,9.28,0.1161
52019,0.7,6.94,0.0867
52022,1.4,17.96,0.2245
52036,2.4,25.58,0.3198
52051,0.5,5.06,0.0632
52079,18.1,30.65,0.3831
52083,1.2,17.52,0.2190
52110,3.5,13.93,0.1741
52203,1.6,18.31,0.2289
52207,2.8,19.28,0.2410
52215,3.3,19.97,0.2496
52224,2.1,21.61,0.2702
52227,3.8,9.62,0.1203
52233,4.0,63.80,0.7974
52240,1.2,7.32,0.0914
52250,6.8,29.02,0.3627
52254,2.6,32.94,0.4118
52256,8.5,64.80,0.8100
52258,0.7,4.63,0.0578
52260,2.6,17.18,0.2147
52317,1.6,7.96,0.0995
52320,0.5,3.89,0.0486
52323,0.2,3.15,0.0394
52352,0.9,11.63,0.1454
52354,0.5,5.83,0.0729
52356,43.5,35.46,0.4433
52378,2.4,11.91,0.1489
52381,1.9,17.70,0.2213
52385,1.6,24.47,0.3059
52390,2.4,30.23,0.3779
52399,12.0,35.47,0.4434
52405,5.4,52.49,0.6561
52411,4.0,37.36,0.4670
52418,4.2,42.68,0.5335
52427,3.8,14.29,0.1786
52435,8.0,83.79,1.0000
52473,0.5,3.70,0.0462
52490,8.7,32.55,0.4069
52506,0.5,6.26,0.0783
52520,1.4,9.35,0.1169
52540,17.2,163.84,1.0000
52560,1.9,17.25,0.2156
52565,1.4,24.00,0.3000
52573,0.7,7.84,0.0980
52585,5.4,29.26,0.3658
52612,14.8,71.11,0.8889
52621,3.5,26.19,0.3273
52678,21.6,71.09,0.8886
52683,4.0,18.50,0.2312
52685,0.5,4.82,0.0603
52687,3.8,19.20,0.2399
52693,4.0,24.84,0.3105
52694,0.7,9.77,0.1221
52696,4.0,27.95,0.3494
52699,2.6,22.54,0.2817
52720,0.5,6.07,0.0759
52786,11.8,62.47,0.7809
52788,0.2,1.64,0.0205
52835,92.7,34.40,0.4300
52838,6.4,13.41,0.1676
52885,1.2,10.13,0.1266
54001,295.3,36.10,0.4512
54003,15.8,43.37,0.5421
54099,0.7,7.45,0.0931
54109,1.9,25.66,0.3208
54128,1.2,9.27,0.1159
54172,3.1,15.28,0.1910
54174,2.1,15.75,0.1969
54206,10.8,50.67,0.6334
54223,0.5,5.02,0.0627
54239,0.5,9.02,0.1127
54245,9.6,63.26,0.7907
54250,12.0,50.65,0.6332
54261,21.4,68.98,0.8622
54344,1.2,10.08,0.1260
54347,0.2,2.97,0.0371
54377,1.2,16.22,0.2028
54385,6.1,46.31,0.5788
54398,3.1,34.60,0.4325
54405,13.4,12.81,0.1602
54418,0.5,10.34,0.1292
54480,0.9,19.21,0.2401
54498,41.4,30.36,0.3795
54518,3.1,5.33,0.0667
54520,0.5,7.48,0.0935
54553,7.8,77.69,0.9711
54599,1.6,24.24,0.3030
54660,0.5,4.00,0.0499
54670,1.2,8.00,0.1000
54673,3.3,40.41,0.5051
54680,0.2,6.02,0.0753
54720,7.5,25.73,0.3217
54800,10.6,55.97,0.6996
54810,66.4,105.85,1.0000
54820,4.2,23.66,0.2958
54871,0.7,12.20,0.1526
54874,45.6,38.99,0.4873
63001,88.5,28.36,0.3545
63111,0.7,21.63,0.2703
63130,22.6,29.32,0.3665
63190,4.9,16.52,0.2065
63212,0.2,3.95,0.0493
63272,1.2,9.20,0.1150
63302,2.8,35.92,0.4490
63401,15.8,44.47,0.5559
63470,21.4,55.21,0.6901
63548,2.4,42.70,0.5337
63594,18.6,57.53,0.7192
63690,0.9,9.53,0.1191
66001,150.6,31.19,0.3898
66045,3.8,29.73,0.3716
66075,0.9,14.44,0.1805
66088,12.9,51.05,0.6381
66170,64.7,28.60,0.3575
66318,0.5,3.78,0.0472
66383,4.0,52.14,0.6517
66400,11.5,40.37,0.5046
66440,4.7,27.30,0.3412
66456,8.0,45.51,0.5689
66572,2.1,12.59,0.1574
66594,4.7,16.83,0.2104
66682,16.7,20.87,0.2609
66687,6.8,53.01,0.6626
68001,130.6,20.81,0.2602
68013,0.2,11.97,0.1496
68020,0.7,16.14,0.2017
68077,4.7,14.04,0.1756
68081,135.5,61.90,0.7738
68092,0.5,7.41,0.0926
68101,0.9,7.81,0.0976
68147,0.2,4.05,0.0506
68152,0.5,10.43,0.1304
68162,0.9,13.06,0.1633
68167,0.9,7.25,0.0906
68190,9.4,26.02,0.3253
68211,0.5,12.04,0.1505
68217,1.4,26.36,0.3295
68229,0.5,3.49,0.0437
68235,1.4,6.17,0.0771
68245,0.2,10.19,0.1274
68250,1.6,30.16,0.3770
68255,0.5,3.27,0.0409
68264,0.2,8.45,0.1057
68266,0.2,6.37,0.0796
68271,0.5,7.65,0.0956
68276,38.8,11.25,0.1407
68296,0.2,7.64,0.0955
68298,0.2,5.50,0.0687
68307,27.8,15.63,0.1954
68318,0.7,11.07,0.1384
68320,0.2,4.88,0.0610
68324,0.2,5.20,0.0650
68327,0.2,4.32,0.0540
68368,0.5,13.51,0.1689
68385,6.4,58.57,0.7321
68397,0.7,13.35,0.1669
68406,5.2,11.09,0.1387
68418,0.9,5.99,0.0749
68432,1.9,8.56,0.1071
68464,1.4,12.83,0.1604
68468,0.2,5.37,0.0671
68498,0.5,7.47,0.0934
68500,0.2,2.09,0.0262
68502,0.7,16.19,0.2024
68522,0.2,15.48,0.1935
68524,0.2,8.76,0.1095
68533,0.5,9.45,0.1181
68547,25.9,13.30,0.1663
68549,1.4,25.33,0.3166
68572,0.9,5.95,0.0744
68573,0.7,8.78,0.1097
68575,19.8,54.32,0.6789
68615,4.7,17.17,0.2146
68655,11.8,33.29,0.4161
68669,0.9,10.15,0.1269
68673,0.2,7.58,0.0947
68679,3.5,5.46,0.0683
68682,0.2,10.05,0.1256
68684,0.2,5.21,0.0652
68689,3.5,9.46,0.1182
68705,0.2,9.27,0.1159
68720,0.2,6.48,0.0810
68745,0.7,6.45,0.0806
68755,1.2,3.23,0.0404
68770,0.2,2.17,0.0271
68773,0.2,3.06,0.0382
68820,0.9,12.13,0.1516
68855,0.5,7.26,0.0907
68861,1.4,5.29,0.0662
68872,0.2,2.63,0.0329
70001,86.6,26.99,0.3374
70110,2.1,18.30,0.2288
70124,0.2,1.34,0.0168
70204,2.4,24.41,0.3051
70215,16.7,22.99,0.2874
70221,7.1,32.34,0.4042
70230,0.7,14.29,0.1786
70233,3.1,28.77,0.3596
70235,3.8,15.02,0.1878
70265,3.3,16.86,0.2107
70400,1.4,9.53,0.1191
70418,3.5,13.87,0.1734
70429,4.7,10.91,0.1364
70473,4.5,26.47,0.3308
70508,5.4,22.01,0.2751
70523,1.9,11.21,0.1401
70670,13.4,24.66,0.3083
70678,5.2,16.21,0.2026
70702,1.9,12.78,0.1598
70708,11.1,17.40,0.2175
70713,13.2,22.56,0.2820
70717,3.1,14.76,0.1845
70742,8.5,24.86,0.3107
70771,1.4,4.19,0.0524
70820,15.8,44.45,0.5556
70823,7.5,31.57,0.3947
73001,80.0,14.61,0.1826
73024,0.2,4.92,0.0615
73026,1.4,14.95,0.1869
73030,4.9,70.92,0.8865
73043,4.7,44.05,0.5506
73055,3.5,25.78,0.3223
73067,9.2,45.19,0.5649
73124,3.5,18.02,0.2252
73148,2.4,20.74,0.2592
73152,3.5,54.27,0.6783
73168,14.4,25.90,0.3238
73200,2.1,24.57,0.3071
73217,5.2,21.73,0.2716
73226,2.1,23.85,0.2981
73236,1.6,18.86,0.2358
73268,37.2,48.93,0.6116
73270,1.2,14.64,0.1830
73275,19.3,63.03,0.7879
73283,19.1,58.75,0.7344
73319,10.8,30.70,0.3838
73347,3.3,42.31,0.5289
73349,9.6,36.54,0.4567
73352,0.7,5.54,0.0692
73408,8.7,46.05,0.5756
73411,5.9,15.32,0.1915
73443,16.5,41.35,0.5169
73449,11.5,30.01,0.3751
73461,1.4,31.18,0.3897
73483,1.9,12.51,0.1563
73504,2.4,6.71,0.0838
73520,3.5,35.83,0.4479
73555,10.6,38.21,0.4776
73563,2.1,23.80,0.2975
73585,2.4,9.69,0.1211
73616,7.1,29.86,0.3733
73622,0.9,16.50,0.2063
73624,14.6,64.29,0.8036
73671,2.8,18.74,0.2342
73675,6.8,49.95,0.6244
73678,3.1,22.51,0.2814
73686,0.9,16.07,0.2009
73770,0.7,17.73,0.2216
73854,1.4,25.31,0.3164
73861,2.6,19.34,0.2418
73870,2.6,26.15,0.3269
73873,0.7,13.40,0.1675
76001,1026.6,44.93,0.5616
76020,16.5,110.24,1.0000
76036,13.9,60.11,0.7514
76041,39.8,215.87,1.0000
76054,4.9,88.55,1.0000
76100,9.6,58.46,0.7308
76109,116.5,35.85,0.4481
76111,76.9,57.40,0.7175
76113,15.8,60.00,0.7500
76122,17.2,57.89,0.7236
76126,6.6,33.77,0.4221
76130,58.6,62.20,0.7775
76147,102.1,71.08,0.8885
76233,23.5,47.13,0.5891
76243,17.2,187.19,1.0000
76246,4.7,66.44,0.8305
76248,33.2,57.11,0.7139
76250,4.7,50.90,0.6362
76275,45.6,77.90,0.9737
76306,5.4,21.45,0.2681
76318,20.9,58.67,0.7334
76364,121.4,66.60,0.8325
76377,1.9,10.79,0.1349
76400,34.8,100.10,1.0000
76403,6.1,48.88,0.6110
76497,17.6,139.27,1.0000
76520,153.4,42.62,0.5327
76563,41.2,83.19,1.0000
76606,12.5,74.91,0.9364
76616,10.4,64.60,0.8075
76622,21.2,55.98,0.6997
76670,8.7,47.76,0.5970
76736,21.2,48.18,0.6023
76823,20.9,139.29,1.0000
76828,18.4,92.66,1.0000
76834,104.9,44.88,0.5610
76845,3.5,60.22,0.7527
76863,4.9,66.10,0.8263
76869,3.8,28.25,0.3531
76890,9.4,57.00,0.7125
76892,52.7,48.44,0.6055
76895,28.7,66.34,0.8293
81001,31.5,30.79,0.3849
81065,36.5,56.29,0.7037
81220,1.6,35.28,0.4411
81300,16.9,68.74,0.8593
81591,8.0,149.59,1.0000
81736,44.9,67.83,0.8479
81794,57.4,103.93,1.0000
85001,31.1,15.59,0.1948
85010,6.6,15.57,0.1946
85125,3.1,21.41,0.2676
85139,7.8,41.35,0.5169
85162,2.4,11.76,0.1470
85225,1.2,11.44,0.1430
85230,1.9,13.00,0.1625
85250,5.2,12.28,0.1535
85263,1.4,10.67,0.1333
85279,0.2,14.37,0.1797
85300,0.5,11.23,0.1403
85315,0.9,38.49,0.4812
85325,0.5,5.08,0.0635
85400,0.5,6.47,0.0809
85410,3.1,11.10,0.1388
85430,1.6,10.53,0.1316
85440,12.0,29.02,0.3627
86001,11.5,17.23,0.2154
86320,27.1,64.52,0.8065
86568,40.5,53.74,0.6718
86569,13.6,78.23,0.9779
86571,34.4,86.97,1.0000
86573,12.7,37.84,0.4730
86749,0.2,1.35,0.0169
86755,0.2,3.62,0.0452
86757,7.5,34.58,0.4322
86760,0.2,2.94,0.0368
86865,23.1,62.88,0.7860
86885,9.4,33.81,0.4226
88001,33.9,60.35,0.7543
88564,0.7,11.92,0.1490
91001,20.5,36.30,0.4538
91407,0.7,16.21,0.2027
91530,0.9,116.34,1.0000
91798,0.5,10.47,0.1309
94001,1.6,4.16,0.0520
95001,24.2,36.40,0.4550
95015,13.9,113.66,1.0000
95025,10.1,54.90,0.6863
95200,3.5,40.87,0.5109
97001,1.9,5.14,0.0643
97161,0.7,18.65,0.2332
97666,0.5,17.36,0.2170
99001,7.1,30.31,0.3789
99524,1.6,14.27,0.1784
99624,0.2,4.90,0.0612
99773,4.7,5.25,0.0656
