cod_mpio,poblacion_5_16,cobertura_neta,cobertura_bruta,desercion
05001,376137,93.58,104.12,3.18
05002,3611,71.09,77.18,2.9
05004,499,56.11,61.92,0
05021,862,78.07,81.55,1.42
05030,5038,77.33,86.03,5.04
05031,5752,68.17,75.76,6.03
05034,7642,77.3,86.05,4.33
05036,1008,81.25,94.44,0.98
05038,2399,66.49,72.49,2.96
05040,4482,69.63,75.37,5.94
05042,4997,89.19,97.22,3.67
05044,1490,75.23,82.75,2.19
05045,28405,88.46,102.55,4.8
05051,7601,86.63,100.29,4.11
05055,1679,70.28,74.27,3.13
05059,787,47.65,54.13,3.64
05079,8483,77.63,86.62,4.42
05086,1346,81.58,89.3,3.88
05088,86733,89.08,99.01,3.92
05091,2136,57.96,61.84,2.21
05093,3432,76.63,84,2.72
05101,4894,73.42,83.84,7.45
05107,1970,61.07,75.43,2.8
05113,2072,80.07,85.18,8.01
05120,8024,80.33,94.73,5.8
05125,1816,76.76,86.12,1.86
05129,11431,92.95,99.86,4.97
05134,2218,63.71,72.05,3.74
05138,3141,79.59,87.42,2.98
05142,761,82.39,91.72,3.27
05145,755,78.94,82.65,2.24
05147,12265,87.32,99.07,3.07
05148,11117,92.85,97.71,3.55
05150,568,84.33,88.03,2.4
05154,22189,87.32,96.3,3.96
05172,14733,86.78,93.96,5.48
05190,1697,79.02,86.09,2.35
05197,3057,99.8,105.63,3.28
05206,833,77.43,81.75,1.76
05209,4087,58.53,64.91,3.9
05212,11583,101.11,109.59,3.81
05234,6160,80.71,91.4,5.84
05237,3697,92.78,100.76,6.31
05240,1926,69.89,76.53,3.2
05250,14464,87.51,99.16,4.61
05264,2243,81.45,88.45,1.48
05266,27144,98.45,106.47,3.93
05282,3822,58.66,65.93,1.89
05284,4858,87.53,100.86,3.37
05306,1203,99.33,111.64,3.99
05308,8142,90.97,99.36,4.38
05310,1703,63.24,67.76,4.96
05313,2186,79.51,83.81,2.99
05315,1312,69.59,79.12,2.03
05318,8563,86.13,96.39,3.99
05321,1401,108.78,117.34,4.28
05347,849,78.56,90.46,4.93
05353,971,73.53,87.33,4.11
05360,39509,88.26,97.1,4.58
05361,5223,64.18,72.51,3.85
05364,2452,83.36,93.52,3.67
05368,2121,70.91,79.16,2.37
05376,10780,88.85,100.45,2.71
05380,10633,122.55,130.62,2.8
05390,1545,79.68,88.41,3.66
05400,4060,96.26,100.22,4.27
05411,1922,70.4,77.94,1.06
05425,1678,96.07,102.74,3.05
05440,11980,99.17,107.35,3.86
05467,1118,75.22,79.7,3.37
05475,1639,73.89,87.25,1.19
05480,3878,96.85,111.42,7.37
05483,2176,61.76,65.58,5.19
05490,11725,105.67,120.47,5.23
05495,7179,85.93,100.35,6.44
05501,581,76.42,82.96,2.49
05541,3743,99.17,107.96,2.58
05543,1899,70.19,77.99,1.74
05576,1682,65.7,72.06,3.16
05579,7740,72.47,83.09,2.85
05585,2796,67.7,81.72,3.37
05591,3562,97.95,106.12,2.57
05604,6860,112.33,122.78,6.53
05607,3551,120.84,132.33,3.41
05615,20765,106.36,116.74,4.1
05628,2046,74.39,80.84,0.64
05631,10121,107.76,113.93,3.53
05642,3446,66.08,74.99,4.21
05647,1658,70.08,76.12,3.9
05649,3199,85.71,94.34,2.92
05652,1302,78.65,86.1,7.46
05656,2806,85.07,94.98,7.41
05658,845,57.16,59.76,0.99
05659,5639,93.69,106.81,2.03
05660,2967,92.05,98.15,3.37
05664,4232,112.17,121.55,3.39
05665,7868,88.5,97.23,3.19
05667,2886,77.3,83.85,2.95
05670,4298,80.01,87.88,3.31
05674,3997,78.66,83.64,2.84
05679,4249,65.38,71.88,3.09
05686,7504,89.3,96.28,2.92
05690,2176,96.05,109.05,2.52
05697,7531,95.06,100.98,3.55
05736,8803,86.64,96.26,7.66
05756,7034,77.13,84.39,3.27
05761,2613,95.06,109.49,3.44
05789,2661,75.57,92.6,1.41
05790,7417,73.64,87.35,6.57
05792,1128,62.59,70.66,1.62
05809,1678,65.79,71.39,2.69
05819,1105,87.33,95.02,3.25
05837,33435,99.27,117.75,4.47
05842,1525,72.72,80.46,6.73
05847,6865,83.06,93.78,3.76
05854,3405,71.22,79.62,3.59
05856,1042,63.63,72.84,1.73
05858,2597,99.77,112.28,4.44
05861,1772,75.28,88.43,4.24
05873,2773,74.86,95.42,1.65
05885,1567,68.79,77.22,3.55
05887,9005,77.25,93.15,2.26
05890,4572,70.3,79.46,2.86
05893,4767,84.96,90.12,3.07
05895,6609,102.35,115.52,3.38
08001,240304,96.45,103.84,1.65
08078,13581,88.05,94.35,2.36
08137,5543,87.91,98.43,3.32
08141,3918,82.57,88.26,4.92
08296,14894,73.64,77.74,3.26
08372,4532,81.8,87.64,3.78
08421,6784,78.54,85.07,3.28
08433,31031,87.28,97.61,1.97
08436,5210,76.51,85.18,1.86
08520,6402,89.78,94.19,2.58
08549,1371,61.56,65.35,2.35
08558,4238,65.55,71.99,3.87
08560,5888,77.28,82.95,3.97
08573,10180,147.84,158.08,3.03
08606,6357,82.54,91.02,0.69
08634,7455,92.42,98.47,3.03
08638,21468,92.44,99.18,2.33
08675,4158,57.86,63.88,1.83
08685,6237,66.19,71.04,1.06
08758,136539,92.93,104.23,2.69
08770,2879,80.48,92.64,0.62
08832,3532,58.13,62.71,2.28
08849,2597,58.26,60.57,1.82
11001,1132915,90.6,98.63,2.49
13001,199072,108.95,117.92,3.33
13006,6081,94.67,109.55,3.94
13030,3145,72.59,83.4,3.91
13042,1934,97.36,112.15,2.43
13052,15852,93.15,110.08,2.84
13062,1849,88.26,104.11,4.87
13074,4134,100.15,111.95,5.76
13140,5378,96.84,117,2.11
13160,2048,95.51,107.42,4.09
13188,3577,83.39,95.83,5.17
13212,3580,93.97,106.28,1.47
13222,3679,81.52,93.48,3.13
13244,16329,98.87,125.52,3.55
13248,1754,78.85,91.33,3.19
13268,1986,81.02,89.02,3.96
13300,3307,90.66,107.17,4.12
13430,31730,82.69,91.47,3.94
13433,6260,89.98,106.31,2.82
13440,2459,83.9,96.95,3.97
13442,11883,90.15,107.67,3.39
13458,4315,73.56,80.86,5.83
13468,10925,96.05,109.51,3.95
13473,5688,75.98,93.13,3.49
13490,2584,92.53,101.66,1.63
13549,6429,79.14,87.67,4.43
13580,1844,70.39,83.35,6.29
13600,2444,71.24,82.94,3.85
13620,1814,83.96,92.83,3.18
13647,4094,83.12,89.52,3.41
13650,3240,60.03,69.17,5.41
13654,5293,88.72,101.38,3.12
13655,2612,75,92.19,4.47
13657,7712,88.29,101.91,3.73
13667,3923,105.63,126.23,5.1
13670,7445,89.05,100.3,2.39
13673,3419,91.23,104.59,2.73
13683,4971,75.58,86.78,1.76
13688,8661,114.31,129.87,3.95
13744,4515,79.09,86.82,3.6
13760,2188,71.94,81.67,1.08
13780,3278,87.22,99.39,2.15
13810,5247,99.7,114.05,3.16
13836,22652,99.65,117.57,2.84
13838,3508,91.59,106.33,3.1
13873,5868,76.77,90.34,1.11
13894,2763,90.48,133.55,2.32
15001,32210,98.93,107.91,2.82
15022,263,67.68,74.14,2.05
15047,3272,78.18,82.85,3.86
15051,1208,79.72,83.77,1.28
15087,1440,96.94,103.82,2.8
15090,269,69.52,74.72,1.49
15092,302,63.91,68.87,2.4
15097,933,85.96,97.96,1.64
15104,998,66.73,69.84,2.01
15106,416,82.69,94.71,0.82
15109,821,78.56,82.95,2.94
15114,184,65.76,71.74,2.27
15131,576,65.97,71.7,2.68
15135,629,66.61,69.16,0.69
15162,603,77.61,82.42,0.6
15172,496,79.64,85.08,1.9
15176,11769,90.42,98.85,1.94
15180,710,76.48,79.58,1.06
15183,1927,77.74,83.03,2.83
15185,1173,70.42,74.34,5.17
15187,615,71.54,81.95,2.16
15189,952,81.3,83.61,1.63
15204,1862,95.33,191.51,3.24
15212,669,62.78,67.71,1.86
15215,416,94.47,97.12,2.72
15218,531,76.84,81.17,1.39
15223,3128,43.86,46.96,4.97
15224,758,79.95,84.56,1.4
15226,372,77.96,81.99,1.31
15232,974,62.94,65.61,1.41
15236,460,60.65,65.22,3
15238,22440,95.18,105.79,2.22
15244,889,74.35,77.73,1.21
15248,502,81.47,86.06,0.69
15272,1145,60.26,63.84,1.78
15276,532,83.83,89.85,3.35
15293,532,94.17,99.81,4.33
15296,1009,79.68,82.76,1.8
15299,3085,81.07,88.59,1.66
15317,345,59.71,71.01,0.97
15322,1751,91.72,100.63,1.87
15325,478,79.5,88.91,2.52
15332,975,62.15,69.23,0.46
15362,356,89.61,93.82,3.59
15367,1426,70.2,73,0.86
15368,778,88.82,91.65,2.1
15377,516,93.41,99.03,2.49
15380,440,71.59,76.36,0.89
15401,189,75.66,88.89,0.65
15403,483,77.43,88.82,0.51
15407,2931,108.09,115.39,2.1
15425,818,64.55,68.09,2.51
15442,1135,66.34,68.99,2.04
15455,1557,85.16,91.65,2.59
15464,957,74.71,77.74,2.02
15466,870,93.56,102.87,0.93
15469,4094,88.15,95.02,3.67
15476,1263,63.9,68.17,1.64
15480,1682,77.35,86.56,1.56
15491,2989,108.13,112.88,2.84
15494,987,81.97,85.51,0.84
15500,564,80.67,86.7,3.69
15507,1742,74.97,77.61,2.51
15511,376,68.88,73.14,1.82
15514,607,82.04,85.01,2.13
15516,6408,96.83,103.07,2.94
15518,461,70.28,74.62,1.54
15522,324,88.58,92.59,2
15531,1346,82.32,89.08,2.86
15533,631,64.98,67.35,0.47
15537,757,82.69,91.02,1.86
15542,1416,75.92,80.79,0.79
15550,408,66.18,68.87,3.2
15572,9913,91.87,99.09,3.39
15580,912,71.82,80.48,1.59
15599,2068,87.72,95.02,4.34
15600,1530,78.3,84.64,3.18
15621,476,60.92,66.6,2.52
15632,2815,70.48,76.98,1.39
15638,1180,83.14,86.27,3.81
15646,4091,112.3,118.87,1.89
15660,264,85.61,89.77,0.84
15664,842,75.18,77.79,3.21
15667,1039,72.86,79.79,6
15673,605,89.75,97.85,1.05
15676,623,102.25,107.7,1.36
15681,1389,78.26,83.51,1.76
15686,1451,78.77,85.87,4.19
15690,650,85.85,92,1.52
15693,2148,74.63,80.68,2.39
15696,584,94.01,102.74,3.35
15720,362,70.17,76.52,3.97
15723,190,95.26,104.21,0
15740,1567,92.21,96.43,1.76
15753,1524,91.08,100.66,0.89
15755,1528,99.08,106.61,1.47
15757,1622,112.64,121.02,2.76
15759,22794,108.91,122.46,1.99
15761,381,86.09,105.25,2.54
15762,639,80.75,84.82,0.74
15763,1698,73.26,78.56,1.71
15764,1400,121.21,132.71,2.53
15774,455,59.34,61.54,4.64
15776,1179,74.13,77.01,2.09
15778,668,52.1,53.44,0.84
15790,1181,77.56,82.05,1.24
15798,573,74.87,76.79,2.05
15804,1678,74.55,78.78,1.51
15806,2341,75.18,79.79,3.88
15808,588,86.39,91.16,4.45
15810,614,82.74,88.44,1.1
15814,1934,103.1,106.83,2.2
15816,936,81.3,85.47,6.25
15820,741,82.19,91.63,2.01
15822,1135,79.12,83.44,1.86
15832,294,89.12,100.34,0.73
15835,1138,106.06,112.92,0.93
15837,1684,109.86,119.54,2.51
15839,385,76.88,81.56,1.91
15842,1496,70.92,74.47,1.17
15861,3361,79.62,82.42,2.83
15879,550,55.27,58.73,1.86
15897,894,85.35,89.6,1
17001,61819,73.26,81.34,3.06
17013,3810,79.97,87.09,3.24
17042,5959,74.19,81.74,3.81
17050,1882,87.94,99.68,3.3
17088,2016,80.01,84.62,5.08
17174,8334,85.01,93.94,5.53
17272,1895,57.68,60.32,4.64
17380,13454,77.93,89.46,4.41
17388,951,80.13,90.54,3.91
17433,3225,72.96,80.12,2.27
17442,1769,102.77,107.41,3.05
17444,2510,86.22,97.69,3.37
17446,449,62.36,69.71,2.97
17486,3609,83.13,91.49,3.8
17495,1252,88.98,94.17,2.37
17513,2257,76.78,90.34,3.89
17524,2626,87.7,97.94,3.87
17541,3562,77.26,86.41,3.55
17614,8914,86.75,96.52,2.04
17616,1811,79.68,88.18,6.41
17653,3048,61.78,74.25,2.25
17662,3956,79.73,87.31,2.45
17665,801,92.63,106.12,1.95
17777,5048,84.71,95.58,3.15
17867,1902,71.98,78.5,4.82
17873,10749,81.8,90.31,3.27
17877,2092,86.76,95.98,3.27
18001,35280,90.69,104.9,5.93
18029,1096,74.18,78.1,6.66
18094,2858,68.51,74.18,6.12
18150,8440,85.25,92.94,8.76
18205,2024,80.24,86.61,7.83
18247,4484,74.51,82.07,5.42
18256,4446,54.81,63.47,7.8
18410,3928,66.42,72.4,6.83
18460,2883,63.37,67.88,4.75
18479,829,68.64,73.94,10.28
18592,6769,71.86,77.43,5.57
18610,3560,80.62,87.95,6.91
18753,13087,93.91,101.88,7.8
18756,3209,72.61,78.22,6.66
18785,1589,77.97,85.78,5.41
18860,1857,62.79,67.85,5
19001,50744,106.67,119.15,3.38
19022,3426,57.33,70.32,2.24
19050,5421,92.6,106.77,4.77
19075,4156,76.73,84.22,5.29
19100,6327,74.46,81.03,2.35
19110,7426,65.35,74.64,1.88
19130,8881,71.61,78.45,3
19137,10153,91.52,99.36,2.18
19142,6181,87.66,102.15,2.74
19212,5130,88.32,95.61,3.2
19256,10036,77.89,86.64,4.76
19290,943,87.38,96.71,5.67
19300,3820,73.04,80.34,1.7
19318,7569,74.37,95.75,1.93
19355,7170,86.86,95.37,2.27
19364,4456,73.25,81.91,2.4
19392,1819,80.87,92.36,1.77
19397,4490,49.67,58.8,4.14
19418,5469,83.18,102.1,3.45
19450,4160,52.24,56.2,3.85
19455,5925,88.41,103.54,2.63
19473,8924,73.38,80.93,3.33
19513,1870,70.59,78.24,1.98
19517,12814,70.32,75.79,4.05
19532,7142,75.62,86.35,3.09
19533,2354,73.24,79.95,3.47
19548,7844,88.76,99.73,2.77
19573,7926,103.18,113.99,2.29
19585,3641,70.2,75.39,3.44
19622,1799,69.71,74.93,2.6
19693,1886,51.96,58.85,2.25
19698,20981,96.82,111.26,3.48
19701,1133,77.14,82.79,5.86
19743,8416,69.99,79.99,2.42
19760,2480,48.91,52.3,2.08
19780,7043,64.01,69.91,3.82
19785,1736,43.78,47.93,3.47
19807,6174,82.35,96.71,3.69
19809,7636,69.87,96.79,2.03
19821,8326,72.27,81.55,4.64
19824,5922,63.86,69.3,3.49
19845,3942,75.6,84.25,3.67
20001,120301,84.95,92.37,4.03
20011,27102,80.23,87.72,4.08
20013,16074,100.09,111.94,5.71
20032,5692,84.26,93.78,6.63
20045,6489,93.37,103.47,5.42
20060,11470,83.46,91.86,7.3
20175,9949,83.68,93.3,4.32
20178,7490,90.69,100.49,5.63
20228,10255,84.12,90.77,5.67
20238,8255,88.77,96.08,6.98
20250,10913,95.27,106.43,6.65
20295,3530,61.59,66.77,4.53
20310,966,73.71,77.54,5.75
20383,4303,73.48,80.22,5.75
20400,13273,78.39,85.9,4.88
20443,2614,93.42,107.88,3.84
20517,4884,75.16,79.89,3.47
20550,5659,84.06,91.66,5.41
20570,9230,75.31,81.13,4.34
20614,3694,81.21,88.12,7.73
20621,7521,87.46,95.94,6.3
20710,6578,78.44,85.22,5.95
20750,4871,88.11,96.61,6.53
20770,6868,78.8,85.75,3.38
20787,4305,88.18,95.75,4.25
23001,100111,91.35,100.37,2.98
23068,11657,86.01,95.2,3.3
23079,5112,80.87,96.32,3.81
23090,3733,96.46,106.27,3.41
23162,20386,87.91,95.59,3.17
23168,3449,66.6,70.69,2.87
23182,9053,96.18,104.77,3.15
23189,12157,88.98,96.01,4.28
23300,3708,72.68,78.26,2.53
23350,3477,81.48,88.7,4.61
23417,22709,96.25,106.05,4.03
23419,4495,75.33,83.8,4.87
23464,4131,68.85,74.51,1.33
23466,20057,89.56,99.45,3.43
23500,7396,75.54,83.34,2.95
23555,14206,91.18,102.33,1.67
23570,8094,69.14,75.29,3.52
23574,5690,77.1,86.61,3.53
23580,11150,83.61,91.35,5.34
23586,3677,83.71,92.68,4.05
23660,21752,85.08,93.38,2.81
23670,11458,78.04,83.33,3.44
23672,7731,82.96,90.09,2.93
23675,8461,77.09,84.13,2.33
23678,5850,75.09,81.52,4.04
23682,3843,67.79,75.31,8.54
23686,9545,69.55,75.65,3.18
23807,24677,95.24,107.64,5.78
23815,14408,61.03,65.17,3.07
23855,8588,83.16,89.74,4.51
25001,1949,73.73,81.27,3.67
25019,1249,72.3,85.19,7.29
25035,2699,91.44,99.78,2.82
25040,2605,91.59,103.38,4.05
25053,1937,81.16,90.91,3.14
25086,359,85.24,96.1,4.39
25095,398,102.76,107.79,2.1
25099,2318,77.52,83.99,2.36
25120,1175,66.13,73.28,1.38
25123,1888,67.48,78.44,5.27
25126,16982,84.77,91.47,3.29
25148,2379,71.42,80.12,3.42
25151,3566,80.12,89.29,2.4
25154,1670,65.93,70.06,2.04
25168,736,61.55,69.43,5.38
25175,25572,107.03,117.18,3.36
25178,2017,75.9,87.75,1.94
25181,2149,81.25,95.21,1.75
25183,4989,75.07,83.26,1.8
25200,4730,88.96,97.65,2.74
25214,7103,177.43,186.1,2.95
25224,1796,80.12,88.03,3.82
25245,4475,84.76,94.3,4.63
25258,947,62.72,70.12,2.12
25260,5168,98.08,105.05,4.33
25269,30262,77.7,84.54,2.83
25279,2495,79.16,86.13,3.93
25281,1335,81.72,91.01,2.12
25286,19502,91.46,97.63,1.78
25288,991,155.9,168.62,1.22
25290,26152,90.79,99.15,3.77
25293,825,78.67,87.52,1.32
25295,3928,101.55,110.03,4.48
25297,1540,85.26,97.21,2.57
25299,645,67.91,74.26,0.88
25307,18604,93.49,102.41,4.05
25312,1657,84.97,93.9,3.16
25317,3300,80.7,91.21,1.62
25320,5330,80.99,92.03,2.85
25322,3254,89.43,96.5,3.12
25324,512,72.46,84.77,2.01
25326,1295,73.36,80.54,2.74
25328,835,79.76,87.9,3.49
25335,1442,76.63,82.18,2.27
25339,764,81.68,89.01,0.78
25368,402,93.03,104.23,3.32
25372,1052,63.5,72.24,2.11
25377,5663,147.11,156,3.85
25386,5960,89.95,102.45,3.58
25394,1657,68.8,77.01,2.09
25398,1006,71.57,81.51,4.46
25402,3393,86.3,96.7,1.95
25407,2418,84.78,90.53,2.64
25426,1103,80.42,87.58,1.82
25430,24932,99.73,104.79,5.4
25436,547,74.41,84.28,1.14
25438,1909,72.55,80.98,4.86
25473,27514,98.51,103.59,2.5
25483,412,64.08,70.87,2.14
25486,3228,98.02,103.87,4.17
25488,1702,83.49,92.07,3.69
25489,600,68.33,77.17,2.61
25491,1046,75.24,84.23,2.27
25506,844,81.99,92.77,2.11
25513,5046,80.28,89.87,2.61
25518,853,56.74,64.6,3.9
25524,977,77.79,88.84,2.4
25530,2192,86.77,96.08,5
25535,2008,100.15,115.89,2.1
25572,3220,91.71,112.42,2.63
25580,661,52.04,57.79,4.1
25592,816,89.71,94.36,4.03
25594,1179,102.8,118.41,1.21
25596,1105,82.53,98.1,5.19
25599,1584,72.66,81.88,3.07
25612,2589,63.65,68.13,6.32
25645,2152,74.07,80.44,3.06
25649,1801,77.4,90.28,2.92
25653,995,63.22,72.36,5.97
25658,2088,69.88,77.44,2.83
25662,1592,86.06,101.7,1.9
25718,2225,93.08,107.46,6.42
25736,2543,99.21,109.36,3.38
25740,7166,90.61,97.32,3.53
25743,4414,80.22,92.25,5.48
25745,3181,70.64,77.81,2.92
25754,147816,83.28,89.02,4.04
25758,5240,93.38,101.11,2.78
25769,3017,119.39,125.52,2.1
25772,4003,69.37,74.79,4.32
25777,1015,81.08,91.63,3.05
25779,1529,58.01,63.11,1.71
25781,1432,78.21,84.43,2.79
25785,4366,107.01,114.86,2.37
25793,1959,91.63,99.29,2.31
25797,1825,78.74,88.93,4.55
25799,4516,131.4,140.66,2.79
25805,872,75.11,90.71,4.34
25807,475,68.84,74.74,1.41
25815,2889,67.53,77.12,6.44
25817,9124,111.33,120.94,3.45
25823,742,67.65,79.25,5.04
25839,1483,89.55,98.65,1.07
25841,1315,75.36,81.83,2.03
25843,9998,93.7,105.34,2.58
25845,1446,72.82,79.6,1.22
25851,723,66.39,74,0.8
25862,1196,73.83,85.45,1.45
25867,847,67.53,73.55,2.56
25871,351,64.96,71.23,2.51
25873,4297,90.32,100.33,1.67
25875,5283,91.67,100.57,4.68
25878,2641,86.44,97.58,4.19
25885,2421,72.82,83.35,3.12
25898,940,76.6,85.43,3.85
25899,27103,94.51,101.98,4.51
27001,32562,99,111.66,1.38
27006,3608,92.82,102.55,5.56
27025,8536,89.97,122.02,1.57
27050,1530,81.76,107.84,2.24
27073,3354,132.32,160.97,0.82
27075,2688,104.99,126.19,6.92
27077,9578,48.61,66.75,0.51
27099,4105,105.77,138.05,0.48
27135,1642,82.16,97.2,2.51
27150,5898,65.02,80.09,2.78
27160,1311,82.68,92.07,3.13
27205,3219,86.64,94.78,3.72
27245,1982,129.82,167.76,1.74
27250,7265,46.85,70.24,1.49
27361,7765,110.68,130.5,3.36
27372,2090,56.27,69.09,0.89
27413,3022,111.91,145.7,0.37
27425,2997,60.93,81.41,0.47
27430,4563,68.27,92.26,0.68
27450,2772,80.16,97.76,1.68
27491,2380,71.68,84.79,4.06
27493,7447,78.66,93.31,7.61
27495,4992,40.5,49.54,3.54
27580,1501,96,114.99,2.43
27600,2177,90.17,105.88,2.72
27615,6008,95.06,119.62,1.49
27660,1326,68.4,76.4,5.86
27745,986,67.34,85.5,1.48
27787,4739,107.51,127.62,1.81
27800,3626,90.98,101.63,7.45
27810,1560,92.69,114.1,5.93
41001,73207,90.07,99.11,5.75
41006,6841,103.83,112.22,4.64
41013,2159,82.08,91.11,2.2
41016,3857,81.41,86.75,5.32
41020,5539,76.73,81.39,3.17
41026,884,66.97,71.27,4.13
41078,1865,56.25,60.16,4.19
41132,6733,79.07,86.86,3.88
41206,1626,81.49,86.29,4.21
41244,952,74.37,77.84,1.89
41298,17184,86.33,93.09,3.96
41306,5646,86.4,96.88,4.44
41319,4495,80.76,87.39,3.08
41349,1736,80.53,83.93,3.91
41357,2327,90.2,97.29,5.2
41359,5849,87.38,96.05,4.4
41378,3318,83.06,90.93,4.78
41396,15646,84.79,91.24,3.21
41483,1692,86.11,91.08,3.18
41503,3285,73.39,77.78,3.27
41518,1611,72.32,79.27,4.07
41524,5673,103.35,111,4.57
41530,2693,82.21,89.31,3.93
41548,3559,90.11,93.85,3.07
41551,29223,98.2,109.55,4.64
41615,4943,102.33,109.08,4.85
41660,2843,86.18,92.44,5.21
41668,7218,84.65,89.82,3.7
41676,2537,82.26,85.49,3.97
41770,5440,95.11,100.94,4.96
41791,4437,74.65,78.57,4.5
41797,2454,74.78,79.3,3.75
41799,2791,76.78,83.38,5.48
41801,1830,70.27,75.68,5.4
41807,4964,76.87,83.68,4.26
41872,1384,83.96,93.35,3.63
41885,1524,83.2,89.96,2.2
44001,55850,108.49,119.21,3.65
44035,9310,79.91,91.11,2.58
44078,10566,72.86,78.66,3.52
44090,12599,61.7,67.51,4.32
44098,3546,74.59,83.08,4.78
44110,1718,85.51,95.81,4.05
44279,12058,90.83,100.71,4.57
44378,6165,78.13,83.18,3.08
44420,1037,60.75,66.92,3.03
44430,52197,101.88,115.62,2.83
44560,29679,98.88,112.01,2.34
44650,11943,86.28,96.89,3.4
44847,51737,125.08,140,1.62
44855,2761,69.76,76.02,1.56
44874,7634,73.96,80.93,4.08
47001,108568,102.7,115.94,4.66
47030,4495,80.67,98.75,2.85
47053,10862,79.96,102.28,3.15
47058,7815,89.75,107.1,1.78
47161,2355,74.73,82.04,6.28
47170,5751,79.73,98.04,3.18
47189,29002,91,100.06,5.29
47205,2311,87.32,108.65,3.97
47245,17096,95.72,119.29,2.81
47258,5149,69.28,75.43,3.3
47268,5448,94.42,125.84,2.15
47288,17794,94.22,112.84,1.57
47318,6729,89.11,102.05,3.19
47460,5473,92.42,112.08,1.5
47541,2273,79.06,93.75,1.9
47545,3420,106.4,137.51,4.73
47551,8713,90.54,106.74,5.81
47555,16052,81.34,101.7,1.39
47570,7823,72.61,83.78,2.6
47605,2576,59.74,67.47,3.59
47660,4349,92.69,127.59,2.92
47675,2298,76.41,85.12,2.17
47692,5109,98.53,125.74,1.62
47703,3341,83.42,104.4,2.98
47707,6482,86.62,99.21,2.02
47720,2667,94.3,113.8,1.7
47745,6991,78.13,89.66,3.83
47798,3405,94.3,138,1.3
47960,2454,80.97,96.78,3.4
47980,18457,100.18,122.69,2.44
50001,103747,87.63,100.89,4.11
50006,17464,100.17,108.09,4.53
50110,1726,88.53,95.83,6.95
50124,1400,109,115.07,4.47
50150,3282,85.8,93.08,4.57
50223,1510,79.54,82.52,4.82
50226,5033,101.21,109.64,4.44
50245,489,74.03,78.94,5.7
50251,1859,80.9,86.82,3.64
50270,952,76.47,88.76,1.82
50287,2761,80.48,84.79,3.77
50313,15591,95.36,103.37,2.94
50318,2928,114.14,119.81,5.9
50325,2021,89.02,97.33,12.29
50330,2631,80.84,93.23,4.01
50350,7402,54.3,58.05,8.03
50370,2434,95.93,105.71,4.18
50400,2611,84.49,92,3.83
50450,2242,95.81,108.61,8.87
50568,11601,126.73,139.21,3.95
50573,7226,101.72,110.06,3.76
50577,2577,61.74,66.43,5.77
50590,2936,79.19,92.98,6.53
50606,3714,109.29,115.64,2.36
50680,3042,83.33,89.61,8.11
50683,2003,63.9,67.7,5.46
50686,319,96.87,102.51,3.06
50689,6165,74.37,80.05,6.95
50711,4245,79.74,100.35,6.8
52001,59882,96.42,106.46,2.1
52019,1501,73.15,77.48,1.72
52022,1219,102.21,106.81,1.32
52036,1139,71.38,75.24,1.05
52051,1492,64.81,68.57,1.27
52079,15593,54.56,69.54,4.81
52083,917,82.44,87.46,1.75
52110,4087,75.12,81.11,2.16
52203,1336,75.6,79.79,3.38
52207,2119,54.32,59.51,3.29
52210,1212,52.89,55.45,1.49
52215,2856,75.04,81.72,1.48
52224,1654,58.1,61.31,1.48
52227,6738,79.46,87.8,0.86
52233,1087,112.33,118.86,4.72
52240,2595,80.04,90.75,2.55
52250,6294,80.46,101.24,2.09
52254,1083,62.33,66.76,0.41
52256,2104,42.21,45.67,2.43
52258,2441,74.15,78.33,1.52
52260,2196,73.22,79.55,1.69
52287,1218,64.04,67.49,0.73
52317,2828,81.05,86.88,0.71
52320,1769,69.81,74.79,0.15
52323,1031,90.59,96.7,1.73
52352,1321,75.62,79.71,1.9
52354,1088,77.94,83.18,0.44
52356,20994,99.77,112.6,2.48
52378,2811,76.95,93.03,1.52
52381,1435,78.12,83.41,1.71
52385,1175,72.77,76,2.58
52390,2047,68.98,87.01,3.6
52399,5044,86.66,96.69,1.59
52405,2017,72.58,78.38,3.73
52411,1458,68.59,72.43,2.37
52418,1681,80.31,89.41,2.61
52427,7425,29.41,36.67,3.61
52435,1601,74.77,87.2,2.88
52473,2827,51.47,68.8,1.23
52480,687,63.03,67.69,0.65
52490,7103,66.77,83.81,1.44
52506,1088,71.42,75.46,0.73
52520,3614,42.36,52.96,1.72
52540,1892,114.06,123.78,3.66
52560,1710,100.64,106.32,1.32
52565,974,63.24,67.04,3.52
52573,1419,80.97,85.34,2.06
52585,2689,93.34,108.37,1.55
52612,5091,66.06,75.68,2.55
52621,3555,70.75,82.36,1.07
52678,4623,78.93,87.76,2.43
52683,3078,81.19,88.69,2.15
52685,1479,68.9,73.97,2.19
52687,3034,72.91,78.41,2.33
52693,2332,76.93,86.45,1.4
52694,1195,65.69,69.04,3.4
52696,3589,55.22,63.61,1.71
52699,1982,61.55,65.19,2.79
52720,1168,66.35,71.49,0.6
52786,2651,85.59,92.19,1.8
52788,2057,57.17,63.2,0.81
52835,60491,66.1,81.17,3.83
52838,7348,79.57,92.03,1.59
52885,1782,74.07,78.17,1.29
54001,147515,92.26,103.68,4.28
54003,7874,84.98,94.28,5.12
54051,2207,71.14,75.26,3.01
54099,1713,74.08,83.25,3.61
54109,1714,60.15,62.84,2.88
54125,589,78.95,82.85,1.02
54128,2701,59.46,64.01,3.47
54172,3609,87.36,95.57,3.52
54174,2738,70.05,73.92,2.04
54206,5037,84.81,98.59,3.97
54223,1768,64.54,70.81,1.07
54239,904,89.71,98.45,4.95
54245,3480,78.53,88.82,4.63
54250,6213,101.48,111.99,5.16
54261,6492,91.74,97.2,5.79
54313,1372,72.96,80.47,2.08
54344,3078,79.82,92.37,2.94
54347,1291,42.76,44.62,2.6
54377,1385,63.39,68.52,0.76
54385,3195,80.72,88.26,5.49
54398,1917,78.4,87.32,1.74
54405,18783,76.53,81.36,3.63
54418,947,63.46,68.43,1.94
54480,901,72.81,78.02,1.42
54498,25387,84.06,92.25,4.22
54518,9675,80.99,91.06,4.94
54520,1190,77.98,85.46,1.94
54553,2256,86.17,89.45,5.43
54599,1181,84.17,89.33,2.27
54660,2405,73.56,79.58,3.71
54670,3637,64.86,71.05,4.23
54673,1640,90.55,100.61,5.18
54680,752,65.16,72.34,4.73
54720,6716,85.5,91.07,5.27
54743,1378,79.25,85.85,2.67
54800,4708,93.03,103.19,2.34
54810,15236,117.58,129.61,6.15
54820,3558,90.28,99.33,1.92
54871,1326,66.06,69.23,1.63
54874,21578,83.21,88.23,5.68
63001,43003,90.62,96.17,5.02
63111,556,72.3,78.6,3.04
63130,11372,88.97,100.97,4.54
63190,4350,81.63,90.37,3.45
63212,984,83.13,92.17,3.47
63272,1867,86.72,96.46,3.95
63302,1205,83.07,93.11,5.14
63401,5876,83.68,92.67,5.03
63470,6121,86.18,93.96,5.4
63548,885,113.22,135.37,4.53
63594,4764,95,103.76,4.74
63690,1408,141.48,155.33,1.95
66001,71771,102.45,114.83,5.49
66045,2176,72.56,80.79,4.58
66075,1119,78.55,92.23,6.48
66088,4558,81.57,89.12,5.06
66170,34512,84.46,92.01,5.83
66318,2192,80.52,89.96,3.48
66383,1251,88.81,98.24,3.52
66400,4830,94.33,109.77,6.15
66440,3046,76.63,87.36,5.28
66456,4689,72.21,80.42,7.86
66572,4915,102.6,124.76,3.42
66594,5333,90.06,103.54,3.78
66682,12592,88.86,99.09,5.57
66687,2279,72.75,83.24,7.8
68001,93195,98.54,107.3,4.48
68013,275,77.82,81.82,0.44
68020,699,73.1,76.97,1.3
68051,1571,87.59,96.56,1.39
68077,5977,94.86,105.04,4.26
68079,1811,76.2,81.56,1.67
68081,40899,113.42,124.11,3.48
68092,1259,79.59,88.48,3.53
68101,2265,72.41,77.79,2.4
68121,351,65.24,67.81,0.42
68132,411,94.89,101.22,1.46
68147,987,87.74,99.59,1.23
68152,899,75.53,83.43,2.25
68160,392,74.49,78.06,5.59
68162,1332,96.1,109.31,3.19
68167,2265,94.97,103.66,2.41
68169,460,91.96,99.57,3.79
68176,548,75.18,79.74,1.18
68179,838,57.76,60.98,0.4
68190,7262,82.29,92.14,4.13
68207,1114,80.07,85.46,2.42
68209,608,86.02,89.47,2.21
68211,593,86.51,95.28,0.18
68217,989,85.04,89.48,1.71
68229,2386,80.01,86.34,3.31
68235,4703,62.17,67.79,4.06
68245,423,61.7,65.48,1.08
68250,1255,58.73,63.03,2.84
68255,2948,85.14,90.43,3.18
68264,573,54.28,60.21,1.53
68266,607,90.94,101.81,1.54
68271,1234,59.56,64.67,2.38
68276,52742,81.69,87.15,4.82
68296,525,96.57,107.81,1.69
68298,840,71.9,77.38,2.18
68307,30413,94.89,102.47,4.43
68318,1176,77.64,89.97,3.04
68320,846,87.47,95.15,1.95
68322,460,73.48,82.39,3.53
68324,641,55.38,65.05,5.14
68327,913,79.85,88.72,4.66
68344,452,75,84.96,2.31
68368,593,70.32,82.97,1.94
68370,268,102.61,115.67,2.58
68377,1267,74.35,83.74,3.65
68385,2090,91,97.89,3.72
68397,872,57,60.55,1.92
68406,8588,86.77,95.91,4.82
68418,3020,79.67,86.36,2.2
68425,430,74.88,84.88,1.2
68432,3987,101.15,116.35,1.28
68444,882,118.37,131.29,2.6
68464,2211,89.37,98.55,3.57
68468,792,60.1,65.03,0.63
68498,1162,58.78,63.43,2.09
68500,1993,92.52,100.75,1.54
68502,733,79.26,87.45,3.56
68522,273,79.85,84.62,1.3
68524,474,86.71,93.88,3.15
68533,936,84.94,89.85,3.22
68547,33117,96.62,103.77,6.08
68549,913,70.21,75.25,1.47
68572,2558,114.35,124.04,1.74
68573,1769,92.48,97.8,6.24
68575,7986,94.89,107.83,4.79
68615,5101,101.76,109.59,4.75
68655,7623,103.4,111.23,5.3
68669,1520,86.05,92.76,1.15
68673,476,60.5,64.71,2.27
68679,10551,106.48,134.06,3.45
68682,437,75.29,84.44,0.56
68684,772,63.47,67.75,2.49
68686,484,70.66,82.44,2.48
68689,7067,77.93,83.84,5.38
68705,434,85.94,93.78,1.3
68720,760,71.58,75.92,2.64
68745,2102,74.79,82.68,3.36
68755,5907,101.52,175.86,2.62
68770,1760,89.26,96.36,2.63
68773,1389,64.36,69.55,2.31
68780,711,87.62,94.66,0.91
68820,1450,90.28,96,4.8
68855,1180,81.44,88.56,2.62
68861,3983,74.82,84.68,3.81
68867,423,58.39,65.01,4.06
68872,1506,76.1,84.2,3.27
68895,1803,94.73,105.6,2.31
70001,60154,96.65,107.25,3.02
70110,2357,84.94,92.91,5.05
70124,3658,69.33,77.8,3.98
70204,1851,90.28,105.73,2.26
70215,13279,100.44,113.92,2.23
70221,3835,103.78,116.64,3.23
70230,991,81.84,91.12,2.66
70233,2127,94.64,103.06,3.42
70235,5305,83.79,95.46,3.34
70265,4423,86.52,97.2,5.01
70400,2869,86.62,101.36,1.46
70418,4776,95.25,103.33,3
70429,9031,94.91,108.63,3.6
70473,3240,79.23,91.39,1.65
70508,4565,108.28,119.26,3.57
70523,3685,83.42,98.29,3.08
70670,11091,88.46,100.82,3.04
70678,6699,75.06,86.49,3.18
70702,2661,88.12,98.23,1.99
70708,13703,87.31,95.65,5.03
70713,13498,83.02,95.62,3.13
70717,3987,87.46,99.22,2.78
70742,6372,84.29,94.65,2.83
70771,6575,68.78,76.79,2.48
70820,7691,91.69,104.72,2.67
70823,4648,92.79,103.98,3.2
73001,84589,108.71,119.67,4.18
73024,812,76.97,81.28,2.73
73026,1592,76.44,81.91,3.6
73030,1188,66.67,71.46,3.18
73043,2207,74.17,79.29,3.28
73055,2203,88.42,105.81,2.69
73067,4547,96.81,105.98,3.66
73124,3548,88.7,97.01,3.71
73148,1847,104.44,113.59,2.26
73152,1222,81.42,85.19,3.36
73168,11274,85.75,99.95,2.86
73200,1448,79.21,87.22,1.81
73217,4748,97.62,104.87,3.82
73226,1569,87.13,97.13,3.37
73236,1478,92.69,101.22,2.5
73268,11924,107.5,121.75,3.81
73270,1390,96.55,107.91,3.26
73275,5061,87.26,96.54,5.13
73283,5748,88.67,97.6,3.41
73319,5729,85.93,94.9,4.75
73347,1394,75.11,83.07,2.57
73349,3920,81.96,95.36,3.41
73352,2157,93.37,104.73,2.46
73408,3072,91.86,101.17,2.27
73411,6404,96.33,107.26,3.23
73443,6694,90.2,99.66,2.68
73449,6424,117.7,129.14,2.72
73461,940,57.23,61.06,2.96
73483,2450,99.43,111.27,2.53
73504,6983,75.84,81.47,3.25
73520,1899,78.25,83.25,2.94
73547,1154,69.24,74.18,2.1
73555,6497,98.58,106.43,5.21
73563,1553,94.08,103.54,3.22
73585,3903,95.72,104.94,2.73
73616,5619,80.05,88.41,5.59
73622,1214,75.95,79.57,1.87
73624,4696,92.95,99.87,4.22
73671,2575,84.16,90.49,1.51
73675,2924,87.35,96.58,1.56
73678,2225,93.44,101.03,3.95
73686,1155,83.98,103.9,3.19
73770,564,89.54,97.87,3.8
73854,987,83.89,88.75,1.03
73861,2344,87.24,98.93,1.99
73870,1871,79.48,88.03,3.75
73873,856,90.54,95.68,4.4
76001,379094,78.77,87.37,4.41
76020,2887,62.42,71.15,7.36
76036,4183,63.28,70.83,6.42
76041,3793,67.57,80.86,7.18
76054,1183,68.89,78.61,6.35
76100,3378,67.73,79.93,8.07
76109,84021,62.94,75.51,3.31
76111,23246,74.06,82.95,4.91
76113,4746,67.28,75.9,5.56
76122,5276,62.45,71.1,7.48
76126,3634,73.42,80.3,4.76
76130,18357,102.37,111.33,5.09
76147,24386,69.62,77.36,5.18
76233,9651,67.41,77.96,4.11
76243,1938,60.78,66.77,6.29
76246,1407,67.02,74.13,7.09
76248,10708,82.96,91.69,4.22
76250,2026,87.17,102.96,6.59
76275,11637,77.19,88.04,6.23
76306,4590,76.32,85.38,5.05
76318,6797,76.8,88.13,4.99
76364,33349,78.35,84.51,5.89
76377,2841,69.8,78.88,6.42
76400,6502,72.07,79.38,6.49
76403,2114,76.58,86.57,7.13
76497,2483,52.15,57.35,3.84
76520,61232,79.03,88.61,5.14
76563,10255,67.97,77.19,7.5
76606,3203,85.58,92.51,4.18
76616,3136,72.74,81.15,5.63
76622,6835,75.84,84.64,3.63
76670,3489,71.83,80.02,5.61
76736,7742,62.92,71.74,7.38
76823,3033,59.55,64.23,6.11
76828,4122,64.63,75.93,4.58
76834,42751,65.44,71.47,5.68
76845,1133,62.22,74.67,7.58
76863,1356,65.34,71.68,4.66
76869,2377,67.4,76.74,7.09
76890,3038,78.01,89.2,4.09
76892,20444,103.19,114.16,5.49
76895,8329,72.29,81.43,4.1
81001,19808,96.94,110.29,6.76
81065,14344,65.5,72.03,5.35
81220,863,86.67,97.91,3.62
81300,5650,82.3,90.41,4.74
81591,1056,71.69,79.26,5.6
81736,13901,86.65,99.66,4.43
81794,12242,109.78,121.01,4.25
85001,36954,97.77,106.78,3.28
85010,8111,89.82,97.51,3.62
85015,521,69.29,72.17,3.19
85125,3484,87.43,99.4,4.49
85136,374,55.61,59.63,3.14
85139,3736,89.19,95.74,6.9
85162,3776,84.08,92.37,3.07
85225,1968,76.68,83.23,2.59
85230,3488,70.13,76.15,5.48
85250,9028,91.22,100.28,3.24
85263,2913,78.92,85.2,4.63
85279,260,58.46,61.54,5
85300,744,75,79.3,4.24
85315,493,54.77,58.42,6.25
85325,1921,79.7,85.27,4.84
85400,1678,82.36,85.64,5.46
85410,5726,92.61,99.97,3.19
85430,3360,88.42,95.68,4.73
85440,8112,95.81,102.42,3.79
86001,11644,84.76,94.36,5.3
86219,1004,73.61,78.49,3.56
86320,8910,91.05,102.36,6.64
86568,14975,88.48,106.76,6.08
86569,3306,67.24,72.2,4.79
86571,9592,47.56,52.51,11.5
86573,8182,57.38,62.76,8.81
86749,2954,95.16,103.69,2.52
86755,1153,63.66,74.76,2.92
86757,4626,87.64,98.14,6.56
86760,1519,76.37,81.24,5.35
86865,7398,95.67,106.38,7.33
86885,5837,95.99,103.27,5.65
88001,9607,95.81,101.56,2.01
88564,1119,78.46,82.48,1.41
91001,13760,88.17,103.51,5.61
91263,658,51.37,54.41,3.09
91405,1193,50.38,58.59,14.81
91407,1205,67.05,79.5,1.79
91430,167,13.17,13.17,0
91460,573,46.07,53.4,3.27
91530,212,72.17,81.13,5.23
91536,272,83.46,93.01,0
91540,3229,54.35,61.23,3.62
91669,616,60.06,64.94,0.75
91798,1332,52.55,58.11,2.2
94001,9666,77.41,88.7,5.19
94343,4070,65.87,77.03,4.4
94883,674,61.13,67.95,5.46
94884,755,83.97,89.14,2.83
94885,115,78.26,80,1.09
94886,384,83.85,89.58,2.03
94887,727,35.9,43.47,0.32
94888,347,45.82,54.76,10
95001,14142,87.43,103.85,5.02
95015,2506,78.69,94.37,2.67
95025,4492,50.71,58.46,5.32
95200,2049,27.87,34.5,5.74
97001,10882,57.78,68.43,5.06
97161,1224,47.47,50.82,3.54
97511,1666,54.8,72.87,7.83
97666,802,19.95,20.82,0
97777,208,0,0,0
97889,562,46.26,50.89,8.39
99001,4600,148.17,158.74,8.45
99524,2645,90.96,99.13,5.16
99624,1157,81.42,90.58,6.3
99773,25239,50.7,57.74,5.5
