cod_mpio,poblacion_total,poblacion_cabecera,poblacion_rural,pct_urbano
05001,2650662,2609841,40821,98.46
05002,21751,9499,12252,43.67
05004,2903,1041,1862,35.86
05021,5015,2995,2020,59.72
05030,32821,17358,15463,52.89
05031,28227,17276,10951,61.2
05034,46783,24651,22132,52.69
05036,6204,2761,3443,44.5
05038,12271,3484,8787,28.39
05040,19933,9575,10358,48.04
05042,28422,19364,9058,68.13
05044,7571,1819,5752,24.03
05045,133140,113793,19347,85.47
05051,32722,12831,19891,39.21
05055,8132,4161,3971,51.17
05059,5471,2177,3294,39.79
05079,56866,27547,29319,48.44
05086,6479,2132,4347,32.91
05088,573769,559020,14749,97.43
05091,11029,4496,6533,40.77
05093,16826,5660,11166,33.64
05101,28074,18291,9783,65.15
05107,8640,3371,5269,39.02
05113,10150,3034,7116,29.89
05120,31563,7758,23805,24.58
05125,9002,2359,6643,26.21
05129,87216,72014,15202,82.57
05134,9874,3353,6521,33.96
05138,16591,6445,10146,38.85
05142,4894,3185,1709,65.08
05145,5005,2585,2420,51.65
05147,52854,39685,13169,75.08
05148,65125,40947,24178,62.87
05150,4264,3349,915,78.54
05154,99102,88966,10136,89.77
05172,63048,54218,8830,85.99
05190,10562,9424,1138,89.23
05197,16811,8324,8487,49.52
05206,5116,2427,2689,47.44
05209,23034,9259,13775,40.2
05212,85324,71263,14061,83.52
05234,24900,11082,13818,44.51
05237,20634,14215,6419,68.89
05240,12988,3209,9779,24.71
05250,57032,38778,18254,67.99
05264,12225,6879,5346,56.27
05266,251521,243980,7541,97.0
05282,26312,10112,16200,38.43
05284,22204,10669,11535,48.05
05306,6027,2609,3418,43.29
05308,56651,34267,22384,60.49
05310,10528,6057,4471,57.53
05313,10921,6445,4476,59.01
05315,7077,2853,4224,40.31
05318,60502,23539,36963,38.91
05321,9124,6322,2802,69.29
05347,5784,2848,2936,49.24
05353,5923,4033,1890,68.09
05360,303251,280103,23148,92.37
05361,29252,9395,19857,32.12
05364,15734,9146,6588,58.13
05368,14656,9006,5650,61.45
05376,71319,63106,8213,88.48
05380,78613,69237,9376,88.07
05390,8769,7974,795,90.93
05400,23373,15237,8136,65.19
05411,10772,3082,7690,28.61
05425,8844,3858,4986,43.62
05440,70819,52156,18663,73.65
05467,7107,2487,4620,34.99
05475,5377,2171,3206,40.38
05480,15214,6553,8661,43.07
05483,10953,4068,6885,37.14
05490,46126,14849,31277,32.19
05495,28268,15967,12301,56.48
05501,3368,446,2922,13.24
05541,22894,13327,9567,58.21
05543,8758,3088,5670,35.26
05576,9333,5343,3990,57.25
05579,42724,37327,5397,87.37
05585,15451,5862,9589,37.94
05591,19803,4406,15397,22.25
05604,30916,14601,16315,47.23
05607,25743,15081,10662,58.58
05615,148832,98667,50165,66.29
05628,9774,3835,5939,39.24
05631,90793,80915,9878,89.12
05642,19553,8492,11061,43.43
05647,7760,3584,4176,46.19
05649,17206,8676,8530,50.42
05652,6077,3025,3052,49.78
05656,16711,8267,8444,49.47
05658,3952,2680,1272,67.81
05659,21985,8566,13419,38.96
05660,13988,8924,5064,63.8
05664,23885,14430,9455,60.41
05665,33603,15953,17650,47.47
05667,16850,9308,7542,55.24
05670,23263,8618,14645,37.05
05674,23854,7603,16251,31.87
05679,28219,14493,13726,51.36
05686,39580,24005,15575,60.65
05690,13245,3761,9484,28.4
05697,38634,28947,9687,74.93
05736,41452,34778,6674,83.9
05756,39037,20573,18464,52.7
05761,16294,7959,8335,48.85
05789,17398,8872,8526,50.99
05790,29477,15546,13931,52.74
05792,6628,3970,2658,59.9
05809,11523,5797,5726,50.31
05819,5330,2147,3183,40.28
05837,136324,61219,75105,44.91
05842,7353,2721,4632,37.01
05847,32582,19079,13503,58.56
05854,14896,4912,9984,32.98
05856,7016,4347,2669,61.96
05858,12737,9388,3349,73.71
05861,12463,6233,6230,50.01
05873,9889,3941,5948,39.85
05885,8208,4320,3888,52.63
05887,45033,33648,11385,74.72
05890,24332,8604,15728,35.36
05893,20994,11796,9198,56.19
05895,26551,13582,12969,51.15
08001,1349138,1348516,622,99.95
08078,70565,58812,11753,83.34
08137,25341,21904,3437,86.44
08141,17919,12927,4992,72.14
08296,69387,64442,4945,92.87
08372,23836,15096,8740,63.33
08421,31539,16198,15341,51.36
08433,145622,135939,9683,93.35
08436,22129,19459,2670,87.93
08520,32733,31431,1302,96.02
08549,7395,3217,4178,43.5
08558,20423,17035,3388,83.41
08560,27020,15609,11411,57.77
08573,56118,49196,6922,87.67
08606,29325,19850,9475,67.69
08634,36730,35031,1699,95.37
08638,105538,79253,26285,75.09
08675,18125,15548,2577,85.78
08685,33731,31879,1852,94.51
08758,689898,689001,897,99.87
08770,13342,12492,850,93.63
08832,19450,9888,9562,50.84
08849,13835,12912,923,93.33
11001,7935754,7902685,33069,99.58
13001,1071065,944684,126381,88.2
13006,27731,5459,22272,19.69
13030,12353,4082,8271,33.04
13042,8103,4736,3367,58.45
13052,76847,59171,17676,77.0
13062,8911,4839,4072,54.3
13074,16517,6029,10488,36.5
13140,25158,13797,11361,54.84
13160,9186,4857,4329,52.87
13188,14911,9344,5567,62.67
13212,17809,3643,14166,20.46
13222,16467,13590,2877,82.53
13244,77507,55155,22352,71.16
13248,9610,4931,4679,51.31
13268,8250,2848,5402,34.52
13300,13436,3000,10436,22.33
13430,148003,99124,48879,66.97
13433,30743,10139,20604,32.98
13440,11974,1578,10396,13.18
13442,51561,21307,30254,41.32
13458,18611,3887,14724,20.89
13468,49407,23774,25633,48.12
13473,25171,7478,17693,29.71
13490,10991,2371,8620,21.57
13549,27027,3342,23685,12.37
13580,7681,4676,3005,60.88
13600,11687,5477,6210,46.86
13620,8849,6672,2177,75.4
13647,20214,13142,7072,65.01
13650,14031,1938,12093,13.81
13654,26217,22344,3873,85.23
13655,11245,2533,8712,22.53
13657,40848,29595,11253,72.45
13667,16286,7585,8701,46.57
13670,30104,23796,6308,79.05
13673,16237,5915,10322,36.43
13683,23166,20817,2349,89.86
13688,36514,21415,15099,58.65
13744,20322,6127,14195,30.15
13760,11750,11545,205,98.26
13780,14144,6397,7747,45.23
13810,19866,6237,13629,31.4
13836,116810,106219,10591,90.93
13838,18114,13263,4851,73.22
13873,26261,22425,3836,85.39
13894,13043,11207,1836,85.92
15001,190498,182798,7700,95.96
15022,2097,471,1626,22.46
15047,16780,7053,9727,42.03
15051,6448,2870,3578,44.51
15087,8137,5202,2935,63.93
15090,1722,523,1199,30.37
15092,2105,445,1660,21.14
15097,5523,2798,2725,50.66
15104,5556,1079,4477,19.42
15106,2360,624,1736,26.44
15109,4772,1047,3725,21.94
15114,1233,524,709,42.5
15131,3391,420,2971,12.39
15135,3343,997,2346,29.82
15162,4024,1945,2079,48.33
15172,3467,1460,2007,42.11
15176,61804,54924,6880,88.87
15180,4279,1119,3160,26.15
15183,8544,2487,6057,29.11
15185,6346,1539,4807,24.25
15187,3052,648,2404,21.23
15189,5044,1542,3502,30.57
15204,14306,2034,12272,14.22
15212,3914,1124,2790,28.72
15215,2729,1770,959,64.86
15218,2992,669,2323,22.36
15223,11494,2900,8594,25.23
15224,4084,1777,2307,43.51
15226,1957,349,1608,17.83
15232,5119,573,4546,11.19
15236,2696,824,1872,30.56
15238,135198,120925,14273,89.44
15244,4534,2555,1979,56.35
15248,3292,1566,1726,47.57
15272,7337,2982,4355,40.64
15276,3507,1403,2104,40.01
15293,3018,741,2277,24.55
15296,5271,1629,3642,30.9
15299,19755,14231,5524,72.04
15317,1987,743,1244,37.39
15322,11741,8575,3166,73.03
15325,3605,1336,2269,37.06
15332,4605,1590,3015,34.53
15362,2142,1344,798,62.75
15367,7889,2215,5674,28.08
15368,4251,1514,2737,35.62
15377,3796,1411,2385,37.17
15380,2906,1217,1689,41.88
15401,1216,494,722,40.62
15403,3276,1594,1682,48.66
15407,17941,9370,8571,52.23
15425,5441,1482,3959,27.24
15442,6192,1093,5099,17.65
15455,9662,6126,3536,63.4
15464,5027,2326,2701,46.27
15466,4582,2574,2008,56.18
15469,24792,13611,11181,54.9
15476,6124,1125,4999,18.37
15480,9290,6332,2958,68.16
15491,17635,6297,11338,35.71
15494,5599,1332,4267,23.79
15500,3101,568,2533,18.32
15507,8778,4210,4568,47.96
15511,2642,672,1970,25.44
15514,3542,1640,1902,46.3
15516,37096,23579,13517,63.56
15518,2585,1146,1439,44.33
15522,1852,969,883,52.32
15531,7772,2592,5180,33.35
15533,2832,716,2116,25.28
15537,4597,3105,1492,67.54
15542,7324,2694,4630,36.78
15550,1903,676,1227,35.52
15572,51582,37803,13779,73.29
15580,5358,1659,3699,30.96
15599,10847,4880,5967,44.99
15600,8688,3051,5637,35.12
15621,2585,778,1807,30.1
15632,14899,1689,13210,11.34
15638,6023,3065,2958,50.89
15646,20207,8807,11400,43.58
15660,1818,897,921,49.34
15664,5422,1311,4111,24.18
15667,5963,2845,3118,47.71
15673,3647,1469,2178,40.28
15676,3261,572,2689,17.54
15681,7216,1108,6108,15.35
15686,8307,3116,5191,37.51
15690,3805,2348,1457,61.71
15693,14390,9093,5297,63.19
15696,3467,1242,2225,35.82
15720,2366,826,1540,34.91
15723,1177,375,802,31.86
15740,7335,1504,5831,20.5
15753,9687,7162,2525,73.93
15755,7835,1895,5940,24.19
15757,8669,4895,3774,56.47
15759,140193,125150,15043,89.27
15761,3120,825,2295,26.44
15762,3312,659,2653,19.9
15763,8943,1334,7609,14.92
15764,6547,1956,4591,29.88
15774,2909,757,2152,26.02
15776,6714,2678,4036,39.89
15778,4619,998,3621,21.61
15790,6347,2025,4322,31.9
15798,4163,1393,2770,33.46
15804,9865,2285,7580,23.16
15806,14327,5219,9108,36.43
15808,3586,970,2616,27.05
15810,3575,1143,2432,31.97
15814,9621,5023,4598,52.21
15816,4699,852,3847,18.13
15820,3944,1299,2645,32.94
15822,5669,1172,4497,20.67
15832,1668,343,1325,20.56
15835,6658,2501,4157,37.56
15837,9083,2991,6092,32.93
15839,2220,261,1959,11.76
15842,8193,1465,6728,17.88
15861,17330,3358,13972,19.38
15879,3075,579,2496,18.83
15897,5025,1493,3532,29.71
17001,461278,437810,23468,94.91
17013,23725,13120,10605,55.3
17042,37939,22989,14950,60.59
17050,10955,7590,3365,69.28
17088,11041,5389,5652,48.81
17174,54102,48452,5650,89.56
17272,11839,4696,7143,39.67
17380,76174,67545,8629,88.67
17388,6351,2682,3669,42.23
17433,18959,11834,7125,62.42
17442,9372,1588,7784,16.94
17444,13813,7406,6407,53.62
17446,2772,1001,1771,36.11
17486,21837,13244,8593,60.65
17495,6188,4381,1807,70.8
17513,15924,8525,7399,53.54
17524,16204,6149,10055,37.95
17541,20517,9267,11250,45.17
17614,54614,22390,32224,41.0
17616,11443,5273,6170,46.08
17653,20260,12783,7477,63.09
17662,21615,7808,13807,36.12
17665,5014,1626,3388,32.43
17777,30260,15768,14492,52.11
17867,10618,5062,5556,47.67
17873,69760,62262,7498,89.25
17877,13351,11530,1821,86.36
18001,181301,160412,20889,88.48
18029,4852,2403,2449,49.53
18094,11698,7410,4288,63.34
18150,33203,17796,15407,53.6
18205,8195,5792,2403,70.68
18247,20597,14545,6052,70.62
18256,19533,9915,9618,50.76
18410,15812,3115,12697,19.7
18460,10479,1276,9203,12.18
18479,3964,2207,1757,55.68
18592,28245,16130,12115,57.11
18610,13960,7314,6646,52.39
18753,55251,26970,28281,48.81
18756,12270,3254,9016,26.52
18785,6448,3943,2505,61.15
18860,7439,2568,4871,34.52
19001,349671,284898,64773,81.48
19022,20065,1022,19043,5.09
19050,28674,2422,26252,8.45
19075,23094,5436,17658,23.54
19100,40441,4439,36002,10.98
19110,36703,801,35902,2.18
19130,45908,1606,44302,3.5
19137,44032,1549,42483,3.52
19142,32050,5078,26972,15.84
19212,27658,13193,14465,47.7
19256,58884,2299,56585,3.9
19290,5623,1204,4419,21.41
19300,20970,6541,14429,31.19
19318,30117,14749,15368,48.97
19355,31706,878,30828,2.77
19364,19648,1710,17938,8.7
19392,11639,1709,9930,14.68
19397,26805,661,26144,2.47
19418,20353,1664,18689,8.18
19450,25794,6220,19574,24.11
19455,34415,19184,15231,55.74
19473,42787,1913,40874,4.47
19513,10831,4669,6162,43.11
19517,50514,2012,48502,3.98
19532,40190,13926,26264,34.65
19533,10020,2187,7833,21.83
19548,44820,14616,30204,32.61
19573,45470,38691,6779,85.09
19585,18981,1505,17476,7.93
19622,12520,971,11549,7.76
19693,11992,520,11472,4.34
19698,120169,54364,65805,45.24
19701,5785,611,5174,10.56
19743,41149,3909,37240,9.5
19760,15304,358,14946,2.34
19780,34710,5940,28770,17.11
19785,10243,1558,8685,15.21
19807,38838,15043,23795,38.73
19809,28647,6274,22373,21.9
19821,38314,1905,36409,4.97
19824,27071,959,26112,3.54
19845,22540,15117,7423,67.07
20001,582104,509814,72290,87.58
20011,131899,114363,17536,86.7
20013,72906,56758,16148,77.85
20032,23943,12561,11382,52.46
20045,25872,19163,6709,74.07
20060,48134,45002,3132,93.49
20175,40763,15898,24865,39.0
20178,33186,19494,13692,58.74
20228,44737,31299,13438,69.96
20238,35970,26808,9162,74.53
20250,44737,7604,37133,17.0
20295,17918,11614,6304,64.82
20310,5030,1468,3562,29.18
20383,20498,7018,13480,34.24
20400,55726,42652,13074,76.54
20443,12103,10000,2103,82.62
20517,22225,16515,5710,74.31
20550,24819,17036,7783,68.64
20570,32128,9962,22166,31.01
20614,20104,9197,10907,45.75
20621,33243,23282,9961,70.04
20710,31460,25002,6458,79.47
20750,22685,12186,10499,53.72
20770,31866,17167,14699,53.87
20787,18282,7171,11111,39.22
23001,535052,414774,120278,77.52
23068,49917,28698,21219,57.49
23079,23144,8161,14983,35.26
23090,16813,3996,12817,23.77
23162,115840,63000,52840,54.39
23168,19302,3678,15624,19.06
23182,52451,20778,31673,39.61
23189,64694,22887,41807,35.38
23300,20906,6273,14633,30.01
23350,16073,12093,3980,75.24
23417,119956,54893,65063,45.76
23419,20667,3827,16840,18.52
23464,21403,12343,9060,57.67
23466,87702,64373,23329,73.4
23500,32901,6428,26473,19.54
23555,69885,43747,26138,62.6
23570,39239,10492,28747,26.74
23574,26129,4172,21957,15.97
23580,46067,13628,32439,29.58
23586,18861,7413,11448,39.3
23660,117837,56094,61743,47.6
23670,51557,9955,41602,19.31
23672,37112,16532,20580,44.55
23675,40707,9111,31596,22.38
23678,29652,4608,25044,15.54
23682,14951,5461,9490,36.53
23686,55832,8884,46948,15.91
23807,101341,45014,56327,44.42
23815,57675,7308,50367,12.67
23855,39130,17476,21654,44.66
25001,14933,12214,2719,81.79
25019,8199,2896,5303,35.32
25035,18740,9263,9477,49.43
25040,17561,6849,10712,39.0
25053,13315,6714,6601,50.42
25086,2261,666,1595,29.46
25095,3103,853,2250,27.49
25099,12897,10846,2051,84.1
25120,6017,1937,4080,32.19
25123,12722,5531,7191,43.48
25126,107533,78877,28656,73.35
25148,15677,5305,10372,33.84
25151,21754,11596,10158,53.31
25154,9525,3671,5854,38.54
25168,5238,1673,3565,31.94
25175,172937,148090,24847,85.63
25178,12029,4536,7493,37.71
25181,13905,6552,7353,47.12
25183,26409,16184,10225,61.28
25200,28480,12636,15844,44.37
25214,42636,30193,12443,70.82
25224,9740,2380,7360,24.44
25245,30819,15832,14987,51.37
25258,5813,1315,4498,22.62
25260,27405,25253,2152,92.15
25269,182095,171362,10733,94.11
25279,15274,8092,7182,52.98
25281,7260,2412,4848,33.22
25286,122017,120236,1781,98.54
25288,6191,812,5379,13.12
25290,180541,159170,21371,88.16
25293,5447,2347,3100,43.09
25295,21909,16279,5630,74.3
25297,10458,5187,5271,49.6
25299,3885,1289,2596,33.18
25307,130715,126766,3949,96.98
25312,8934,3173,5761,35.52
25317,16983,8937,8046,52.62
25320,39242,21430,17812,54.61
25322,19687,9771,9916,49.63
25324,3636,1906,1730,52.42
25326,8064,3586,4478,44.47
25328,5673,1837,3836,32.38
25335,7973,3246,4727,40.71
25339,4294,1635,2659,38.08
25368,2824,1247,1577,44.16
25372,7234,1750,5484,24.19
25377,38626,21081,17545,54.58
25386,42367,25651,16716,60.54
25394,11834,6114,5720,51.66
25398,7367,1986,5381,26.96
25402,21915,10093,11822,46.06
25407,12827,4756,8071,37.08
25426,7614,2790,4824,36.64
25430,147174,141031,6143,95.83
25436,4621,1682,2939,36.4
25438,9941,6221,3720,62.58
25473,163445,161663,1782,98.91
25483,2992,2274,718,76.0
25486,17028,9558,7470,56.13
25488,13905,5070,8835,36.46
25489,4498,1346,3152,29.92
25491,7747,3110,4637,40.14
25506,5319,2000,3319,37.6
25513,31093,18884,12209,60.73
25518,5168,1095,4073,21.19
25524,6308,1975,4333,31.31
25530,10763,5484,5279,50.95
25535,11520,4601,6919,39.94
25572,19883,15464,4419,77.77
25580,4189,1282,2907,30.6
25592,5905,1111,4794,18.81
25594,6380,2333,4047,36.57
25596,7790,1542,6248,19.79
25599,10454,5312,5142,50.81
25612,16752,10537,6215,62.9
25645,15107,2654,12453,17.57
25649,10614,5324,5290,50.16
25653,6058,1407,4651,23.23
25658,13866,6824,7042,49.21
25662,10271,4613,5658,44.91
25718,13680,4561,9119,33.34
25736,14750,5871,8879,39.8
25740,43474,33145,10329,76.24
25743,27740,11493,16247,41.43
25745,16561,11030,5531,66.6
25754,850916,846621,4295,99.5
25758,33653,25650,8003,76.22
25769,19078,10925,8153,57.26
25772,21988,11843,10145,53.86
25777,6603,2646,3957,40.07
25779,8203,3586,4617,43.72
25781,7563,3167,4396,41.87
25785,28075,10884,17191,38.77
25793,10263,2818,7445,27.46
25797,12269,2002,10267,16.32
25799,28422,14353,14069,50.5
25805,5485,1196,4289,21.8
25807,3971,1011,2960,25.46
25815,20019,13663,6356,68.25
25817,50926,24640,26286,48.38
25823,5144,1375,3769,26.73
25839,9495,2670,6825,28.12
25841,8467,2228,6239,26.31
25843,55305,44540,10765,80.54
25845,8813,5369,3444,60.92
25851,5367,3408,1959,63.5
25862,8520,2311,6209,27.12
25867,5552,2348,3204,42.29
25871,2197,957,1240,43.56
25873,21951,10178,11773,46.37
25875,34596,25494,9102,73.69
25878,16672,6929,9743,41.56
25885,15281,5153,10128,33.72
25898,5958,2142,3816,35.95
25899,170147,145970,24177,85.79
27001,148945,126632,22313,85.02
27006,16354,7121,9233,43.54
27025,32170,3258,28912,10.13
27050,7073,3177,3896,44.92
27073,12076,2259,9817,18.71
27075,11841,6959,4882,58.77
27077,34936,6944,27992,19.88
27099,14143,952,13191,6.73
27135,7133,3123,4010,43.78
27150,22751,2150,20601,9.45
27160,6389,3568,2821,55.85
27205,14419,11027,3392,76.48
27245,9568,2687,6881,28.08
27250,26183,1479,24704,5.65
27361,34957,24992,9965,71.49
27372,7739,2584,5155,33.39
27413,10864,3440,7424,31.66
27425,13290,846,12444,6.37
27430,17396,2160,15236,12.42
27450,12105,2716,9389,22.44
27491,10715,3868,6847,36.1
27495,18732,1152,17580,6.15
27580,6072,1559,4513,25.68
27600,9436,2365,7071,25.06
27615,65641,16363,49278,24.93
27660,5907,1282,4625,21.7
27745,3714,749,2965,20.17
27787,20758,11991,8767,57.77
27800,14997,4326,10671,28.85
27810,7736,3127,4609,40.42
41001,392009,365542,26467,93.25
41006,27728,4849,22879,17.49
41013,9709,6158,3551,63.43
41016,17902,11566,6336,64.61
41020,24858,11808,13050,47.5
41026,4723,2572,2151,54.46
41078,9168,4215,4953,45.98
41132,34235,25782,8453,75.31
41206,7964,2223,5741,27.91
41244,4672,1512,3160,32.36
41298,80437,42063,38374,52.29
41306,27225,10583,16642,38.87
41319,19936,5749,14187,28.84
41349,8017,6100,1917,76.09
41357,10281,2775,7506,26.99
41359,28148,6569,21579,23.34
41378,14362,5242,9120,36.5
41396,67921,27674,40247,40.74
41483,7186,2854,4332,39.72
41503,12980,2429,10551,18.71
41518,7329,2986,4343,40.74
41524,29177,13479,15698,46.2
41530,12505,1798,10707,14.38
41548,15312,5270,10042,34.42
41551,138590,79900,58690,57.65
41615,27001,12576,14425,46.58
41660,11652,1912,9740,16.41
41668,36805,11902,24903,32.34
41676,11566,2646,8920,22.88
41770,24328,4588,19740,18.86
41791,19433,5861,13572,30.16
41797,11862,5746,6116,48.44
41799,13040,5642,7398,43.27
41801,8878,4627,4251,52.12
41807,24217,8270,15947,34.15
41872,8037,2550,5487,31.73
41885,8478,7020,1458,82.8
44001,233733,172550,61183,73.82
44035,36931,22028,14903,59.65
44078,45167,22455,22712,49.72
44090,48144,7614,40530,15.82
44098,16126,8098,8028,50.22
44110,8881,8421,460,94.82
44279,52728,47130,5598,89.38
44378,25159,16295,8864,64.77
44420,4261,2856,1405,67.03
44430,209843,137120,72723,65.34
44560,101221,14412,86809,14.24
44650,57662,41348,16314,71.71
44847,200898,13603,187295,6.77
44855,13191,11931,1260,90.45
44874,34858,33144,1714,95.08
47001,571382,509541,61841,89.18
47030,18154,11277,6877,62.12
47053,46250,26328,19922,56.93
47058,34835,21222,13613,60.92
47161,11538,6001,5537,52.01
47170,25420,15245,10175,59.97
47189,135894,119301,16593,87.79
47205,12154,4370,7784,35.96
47245,75669,44199,31470,58.41
47258,26202,7635,18567,29.14
47268,22252,17083,5169,76.77
47288,76542,64057,12485,83.69
47318,31027,8402,22625,27.08
47460,22756,8569,14187,37.66
47541,10791,3048,7743,28.25
47545,13978,6093,7885,43.59
47551,42983,23832,19151,55.45
47555,71943,53864,18079,74.87
47570,34937,10126,24811,28.98
47605,13213,8234,4979,62.32
47660,18012,4609,13403,25.59
47675,12373,7952,4421,64.27
47692,22877,6222,16655,27.2
47703,13775,1141,12634,8.28
47707,28522,15249,13273,53.46
47720,11974,7126,4848,59.51
47745,31495,15293,16202,48.56
47798,15209,6941,8268,45.64
47960,11219,3939,7280,35.11
47980,79161,1849,77312,2.34
50001,600167,551757,48410,91.93
50006,99028,74779,24249,75.51
50110,7351,5224,2127,71.07
50124,6822,3362,3460,49.28
50150,16285,6513,9772,39.99
50223,8065,5281,2784,65.48
50226,25823,16836,8987,65.2
50245,1949,687,1262,35.25
50251,8885,3334,5551,37.52
50270,4470,1580,2890,35.35
50287,13670,7758,5912,56.75
50313,77976,65211,12765,83.63
50318,15994,10712,5282,66.98
50325,7768,2619,5149,33.72
50330,12700,5270,7430,41.5
50350,29854,4843,25011,16.22
50370,10387,2266,8121,21.82
50400,12894,5346,7548,41.46
50450,9403,3745,5658,39.83
50568,47232,23153,24079,49.02
50573,34421,20771,13650,60.34
50577,11754,4471,7283,38.04
50590,14141,7114,7027,50.31
50606,20681,13683,6998,66.16
50680,13958,7040,6918,50.44
50683,10258,5065,5193,49.38
50686,1449,794,655,54.8
50689,30730,22108,8622,71.94
50711,19889,8672,11217,43.6
52001,418147,325698,92449,77.89
52019,10176,2956,7220,29.05
52022,7862,1664,6198,21.17
52036,9197,2255,6942,24.52
52051,9305,1289,8016,13.85
52079,59120,12974,46146,21.95
52083,6714,3468,3246,51.65
52110,25344,7049,18295,27.81
52203,8993,1202,7791,13.37
52207,14642,2309,12333,15.77
52210,7696,1405,6291,18.26
52215,16496,3300,13196,20.0
52224,9798,2923,6875,29.83
52227,39120,7275,31845,18.6
52233,6270,1790,4480,28.55
52240,16082,4677,11405,29.08
52250,23515,7721,15794,32.83
52254,7857,1470,6387,18.71
52256,13072,1947,11125,14.89
52258,15257,1708,13549,11.19
52260,15069,5675,9394,37.66
52287,7616,3307,4309,43.42
52317,20686,3216,17470,15.55
52320,12111,4645,7466,38.35
52323,7468,3185,4283,42.65
52352,8092,2276,5816,28.13
52354,8065,1091,6974,13.53
52356,122748,81792,40956,66.63
52378,19758,8526,11232,43.15
52381,10632,2146,8486,20.18
52385,6731,3294,3437,48.94
52390,7783,3049,4734,39.18
52399,33831,13601,20230,40.2
52405,10310,3236,7074,31.39
52411,10706,2362,8344,22.06
52418,9923,4697,5226,47.33
52427,26343,7864,18479,29.85
52435,9548,1329,8219,13.92
52473,12735,5919,6816,46.48
52480,4627,2819,1808,60.93
52490,26743,11524,15219,43.09
52506,7512,2134,5378,28.41
52520,15099,5854,9245,38.77
52540,10484,2817,7667,26.87
52560,10913,2289,8624,20.97
52565,5883,1588,4295,26.99
52573,9007,3737,5270,41.49
52585,18493,6670,11823,36.07
52612,20846,2526,18320,12.12
52621,13478,3627,9851,26.91
52678,30450,10420,20030,34.22
52683,21623,11078,10545,51.23
52685,9755,2768,6987,28.38
52687,19612,2357,17255,12.02
52693,16103,4321,11782,26.83
52694,7228,868,6360,12.01
52696,14309,3856,10453,26.95
52699,11483,1608,9875,14.0
52720,7752,1496,6256,19.3
52786,18833,4236,14597,22.49
52788,14314,2999,11315,20.95
52835,269493,91361,178132,33.9
52838,47376,18404,28972,38.85
52885,11615,3551,8064,30.57
54001,818093,788601,29492,96.4
54003,36353,19128,17225,52.62
54051,11122,2725,8397,24.5
54099,9474,3592,5882,37.91
54109,7335,706,6629,9.63
54125,3209,1123,2086,35.0
54128,12686,2290,10396,18.05
54172,20023,12996,7027,64.91
54174,13446,5194,8252,38.63
54206,21359,8721,12638,40.83
54223,9379,1866,7513,19.9
54239,5218,2594,2624,49.71
54245,15251,2687,12564,17.62
54250,23690,10479,13211,44.23
54261,31042,19159,11883,61.72
54313,8427,2930,5497,34.77
54344,11671,1753,9918,15.02
54347,7926,1508,6418,19.03
54377,7252,1975,5277,27.23
54385,13211,2129,11082,16.12
54398,8840,1117,7723,12.64
54405,104658,102153,2505,97.61
54418,4553,2208,2345,48.5
54480,4900,980,3920,20.0
54498,136404,122845,13559,90.06
54518,57337,53291,4046,92.94
54520,6294,1370,4924,21.77
54553,9995,9384,611,93.89
54599,6794,3350,3444,49.31
54660,11777,4620,7157,39.23
54670,14711,2843,11868,19.33
54673,8152,2717,5435,33.33
54680,3906,2084,1822,53.35
54720,29259,11519,17740,39.37
54743,7180,1105,6075,15.39
54800,18918,3236,15682,17.11
54810,62686,23594,39092,37.64
54820,17897,6401,11496,35.77
54871,5784,2644,3140,45.71
54874,117086,113705,3381,97.11
63001,311959,303990,7969,97.45
63111,3264,1273,1991,39.0
63130,77048,60011,17037,77.89
63190,29911,22535,7376,75.34
63212,5963,3603,2360,60.42
63272,12790,7193,5597,56.24
63302,7861,4495,3366,57.18
63401,35448,32085,3363,90.51
63470,38783,32011,6772,82.54
63548,5511,3153,2358,57.21
63594,32309,26401,5908,81.71
63690,9881,4178,5703,42.28
66001,482851,408872,73979,84.68
66045,12663,6084,6579,48.05
66075,6519,1793,4726,27.5
66088,25351,13790,11561,54.4
66170,226214,216480,9734,95.7
66318,12459,4229,8230,33.94
66383,7672,3245,4427,42.3
66400,28559,27964,595,97.92
66440,17238,9532,7706,55.3
66456,17578,4705,12873,26.77
66572,16814,3544,13270,21.08
66594,27964,8556,19408,30.6
66682,80038,67903,12135,84.84
66687,12873,6966,5907,54.11
68001,627393,617742,9651,98.46
68013,1966,437,1529,22.23
68020,4374,834,3540,19.07
68051,8840,2987,5853,33.79
68077,33507,25853,7654,77.16
68079,11305,3827,7478,33.85
68081,218932,193035,25897,88.17
68092,6355,1696,4659,26.69
68101,12051,2215,9836,18.38
68121,2058,517,1541,25.12
68132,2284,1102,1182,48.25
68147,5816,3894,1922,66.95
68152,4510,832,3678,18.45
68160,2145,670,1475,31.24
68162,7204,3893,3311,54.04
68167,12990,8216,4774,63.25
68169,3068,921,2147,30.02
68176,3051,1026,2025,33.63
68179,5416,934,4482,17.25
68190,36166,17560,18606,48.55
68207,6123,3229,2894,52.74
68209,3308,882,2426,26.66
68211,3908,3076,832,78.71
68217,5355,1050,4305,19.61
68229,13469,5434,8035,40.34
68235,22888,4519,18369,19.74
68245,2309,877,1432,37.98
68250,5461,994,4467,18.2
68255,14382,8062,6320,56.06
68264,2783,735,2048,26.41
68266,3694,1105,2589,29.91
68271,6155,1683,4472,27.34
68276,344955,332304,12651,96.33
68296,3080,1010,2070,32.79
68298,4281,924,3357,21.58
68307,177630,159276,18354,89.67
68318,6375,1986,4389,31.15
68320,4820,2023,2797,41.97
68322,2544,843,1701,33.14
68324,4522,1331,3191,29.43
68327,5451,3478,1973,63.8
68344,2455,834,1621,33.97
68368,3483,907,2576,26.04
68370,1427,167,1260,11.7
68377,6766,2242,4524,33.14
68385,10847,3919,6928,36.13
68397,5286,1057,4229,20.0
68406,46658,27566,19092,59.08
68418,15716,2577,13139,16.4
68425,2291,417,1874,18.2
68432,21978,19253,2725,87.6
68444,5404,1773,3631,32.81
68464,11005,4835,6170,43.93
68468,4381,864,3517,19.72
68498,6299,1217,5082,19.32
68500,11244,5505,5739,48.96
68502,4359,1506,2853,34.55
68522,1520,597,923,39.28
68524,2687,948,1739,35.28
68533,4982,1619,3363,32.5
68547,194535,162679,31856,83.62
68549,5574,1468,4106,26.34
68572,15808,6609,9199,41.81
68573,8041,3145,4896,39.11
68575,36389,19376,17013,53.25
68615,27405,7877,19528,28.74
68655,35343,25123,10220,71.08
68669,9272,3778,5494,40.75
68673,3105,434,2671,13.98
68679,64583,56820,7763,87.98
68682,2342,974,1368,41.59
68684,4514,1142,3372,25.3
68686,2717,829,1888,30.51
68689,37314,15502,21812,41.54
68705,2538,385,2153,15.17
68720,3632,1021,2611,28.11
68745,10945,2953,7992,26.98
68755,36445,30541,5904,83.8
68770,10840,2816,8024,25.98
68773,7700,959,6741,12.45
68780,4170,1148,3022,27.53
68820,7762,935,6827,12.05
68855,6484,2860,3624,44.11
68861,26663,15528,11135,58.24
68867,2403,886,1517,36.87
68872,8940,5644,3296,63.13
68895,10143,6968,3175,68.7
70001,320757,281195,39562,87.67
70110,11569,9005,2564,77.84
70124,17554,3895,13659,22.19
70204,9639,3966,5673,41.15
70215,72668,54017,18651,74.33
70221,21830,12601,9229,57.72
70230,4941,3049,1892,61.71
70233,10632,4368,6264,41.08
70235,25061,12980,12081,51.79
70265,19539,7356,12183,37.65
70400,14814,6752,8062,45.58
70418,25445,11682,13763,45.91
70429,43119,11171,31948,25.91
70473,16891,9809,7082,58.07
70508,24592,11723,12869,47.67
70523,16794,5326,11468,31.71
70670,54382,26209,28173,48.19
70678,31931,5805,26126,18.18
70702,14728,7061,7667,47.94
70708,63545,33741,29804,53.1
70713,58414,21190,37224,36.28
70717,20727,13066,7661,63.04
70742,34076,24258,9818,71.19
70771,33707,6946,26761,20.61
70820,35466,28174,7292,79.44
70823,23848,6643,17205,27.86
73001,547653,509472,38181,93.03
73024,4783,2234,2549,46.71
73026,9443,3726,5717,39.46
73030,6967,5573,1394,79.99
73043,10683,1723,8960,16.13
73055,13690,8773,4917,64.08
73067,20305,5496,14809,27.07
73124,19587,10349,9238,52.84
73148,11345,8636,2709,76.12
73152,6504,1831,4673,28.15
73168,55409,32336,23073,58.36
73200,8620,1729,6891,20.06
73217,23821,4549,19272,19.1
73226,8880,2660,6220,29.95
73236,8731,3740,4991,42.84
73268,75984,55470,20514,73.0
73270,8036,2061,5975,25.65
73275,30610,26634,3976,87.01
73283,32440,16959,15481,52.28
73319,35255,18410,16845,52.22
73347,7786,2474,5312,31.77
73349,26404,25071,1333,94.95
73352,12744,4101,8643,32.18
73408,18906,14275,4631,75.51
73411,38400,25122,13278,65.42
73443,39831,29686,10145,74.53
73449,38424,31563,6861,82.14
73461,4528,1986,2542,43.86
73483,15051,8345,6706,55.44
73504,35090,7821,27269,22.29
73520,9850,3234,6616,32.83
73547,7156,2578,4578,36.03
73555,27714,7808,19906,28.17
73563,8899,4120,4779,46.3
73585,24278,14105,10173,58.1
73616,23638,4363,19275,18.46
73622,5704,2049,3655,35.92
73624,22692,11114,11578,48.98
73671,15067,9074,5993,60.22
73675,13661,4869,8792,35.64
73678,13587,4051,9536,29.82
73686,5856,2305,3551,39.36
73770,3982,1710,2272,42.94
73854,5578,2313,3265,41.47
73861,13382,9302,4080,69.51
73870,9896,3767,6129,38.07
73873,5269,2104,3165,39.93
76001,2284775,2240208,44567,98.05
76020,14940,11250,3690,75.3
76036,23094,18367,4727,79.53
76041,18421,11496,6925,62.41
76054,5580,3119,2461,55.9
76100,16501,5204,11297,31.54
76109,324923,252970,71953,77.86
76111,134040,115322,18718,86.04
76113,26273,14204,12069,54.06
76122,29670,24859,4811,83.78
76126,19510,12816,6694,65.69
76130,94199,27136,67063,28.81
76147,143659,139100,4559,96.83
76233,49924,12934,36990,25.91
76243,9176,2811,6365,30.63
76246,7083,3573,3510,50.44
76248,58093,37892,20201,65.23
76250,9246,5979,3267,64.67
76275,58600,41840,16760,71.4
76306,25232,12182,13050,48.28
76318,35691,22776,12915,63.81
76364,182290,144150,38140,79.08
76377,17446,3734,13712,21.4
76400,34788,28245,6543,81.19
76403,12516,9673,2843,77.29
76497,12671,9774,2897,77.14
76520,359988,288508,71480,80.14
76563,49497,43589,5908,88.06
76606,16647,11397,5250,68.46
76616,16026,8007,8019,49.96
76622,37831,29358,8473,77.6
76670,18228,8907,9321,48.86
76736,43949,34053,9896,77.48
76823,15034,10655,4379,70.87
76828,19807,9909,9898,50.03
76834,233831,192847,40984,82.47
76845,5861,2843,3018,48.51
76863,7475,4539,2936,60.72
76869,13326,8693,4633,65.23
76890,16513,9007,7506,54.54
76892,108812,94899,13913,87.21
76895,43269,33481,9788,77.38
81001,102405,87707,14698,85.65
81065,64786,17230,47556,26.6
81220,4668,3260,1408,69.84
81300,24645,13338,11307,54.12
81591,5348,3563,1785,66.62
81736,66254,49659,16595,74.95
81794,55240,31847,23393,57.65
85001,199286,172963,26323,86.79
85010,42314,31645,10669,74.79
85015,2599,1623,976,62.45
85125,14289,6863,7426,48.03
85136,1470,753,717,51.22
85139,18777,12944,5833,68.94
85162,20014,14550,5464,72.7
85225,10282,2740,7542,26.65
85230,14484,6922,7562,47.79
85250,42145,29434,12711,69.84
85263,13235,8108,5127,61.26
85279,1637,368,1269,22.48
85300,4192,2184,2008,52.1
85315,2445,1334,1111,54.56
85325,9264,3652,5612,39.42
85400,7269,1969,5300,27.09
85410,27555,17960,9595,65.18
85430,15646,8823,6823,56.39
85440,41355,31563,9792,76.32
86001,66901,47026,19875,70.29
86219,6034,3841,2193,63.66
86320,41940,23170,18770,55.25
86568,75303,46437,28866,61.67
86569,17444,7329,10115,42.01
86571,39502,5978,33524,15.13
86573,33577,15708,17869,46.78
86749,17442,11668,5774,66.9
86755,6504,3962,2542,60.92
86757,21776,6251,15525,28.71
86760,7999,3910,4089,48.88
86865,36672,17271,19401,47.1
86885,27839,17235,10604,61.91
88001,56147,41471,14676,73.86
88564,5921,3398,2523,57.39
91001,56391,41212,15179,73.08
91263,2193,0,2193,0.0
91405,3289,0,3289,0.0
91407,4354,0,4354,0.0
91430,708,0,708,0.0
91460,1997,0,1997,0.0
91530,809,0,809,0.0
91536,1131,0,1131,0.0
91540,11173,4667,6506,41.77
91669,2016,0,2016,0.0
91798,4494,0,4494,0.0
94001,39586,27060,12526,68.36
94343,11561,1320,10241,11.42
94663,0,0,0,0.0
94883,2101,0,2101,0.0
94884,2317,0,2317,0.0
94885,347,0,347,0.0
94886,1062,0,1062,0.0
94887,2428,0,2428,0.0
94888,1091,0,1091,0.0
95001,66576,46427,20149,69.74
95015,12214,5699,6515,46.66
95025,18429,4974,13455,26.99
95200,8636,2349,6287,27.2
97001,36611,10848,25763,29.63
97161,3784,1729,2055,45.69
97511,5042,0,5042,0.0
97666,2711,1102,1609,40.65
97777,878,0,878,0.0
97889,1296,0,1296,0.0
99001,23286,17801,5485,76.45
99524,11539,7073,4466,61.3
99624,4802,2978,1824,62.02
99773,89677,3117,86560,3.48
